"LOCATION","INDICATOR","SUBJECT","MEASURE","FREQUENCY","TIME","Value","Flag Codes"
"CAN","CPI","TOT","IDX2010","Q","1949-Q1",10.38924,
"CAN","CPI","TOT","IDX2010","Q","1949-Q2",10.38924,
"CAN","CPI","TOT","IDX2010","Q","1949-Q3",10.44648,
"CAN","CPI","TOT","IDX2010","Q","1949-Q4",10.53234,
"CAN","CPI","TOT","IDX2010","Q","1950-Q1",10.4751,
"CAN","CPI","TOT","IDX2010","Q","1950-Q2",10.56096,
"CAN","CPI","TOT","IDX2010","Q","1950-Q3",10.7613,
"CAN","CPI","TOT","IDX2010","Q","1950-Q4",11.07613,
"CAN","CPI","TOT","IDX2010","Q","1951-Q1",11.36234,
"CAN","CPI","TOT","IDX2010","Q","1951-Q2",11.76302,
"CAN","CPI","TOT","IDX2010","Q","1951-Q3",12.02061,
"CAN","CPI","TOT","IDX2010","Q","1951-Q4",12.24957,
"CAN","CPI","TOT","IDX2010","Q","1952-Q1",12.27819,
"CAN","CPI","TOT","IDX2010","Q","1952-Q2",12.13509,
"CAN","CPI","TOT","IDX2010","Q","1952-Q3",12.10647,
"CAN","CPI","TOT","IDX2010","Q","1952-Q4",12.10647,
"CAN","CPI","TOT","IDX2010","Q","1953-Q1",12.02061,
"CAN","CPI","TOT","IDX2010","Q","1953-Q2",11.93474,
"CAN","CPI","TOT","IDX2010","Q","1953-Q3",12.04923,
"CAN","CPI","TOT","IDX2010","Q","1953-Q4",12.13509,
"CAN","CPI","TOT","IDX2010","Q","1954-Q1",12.07785,
"CAN","CPI","TOT","IDX2010","Q","1954-Q2",12.04923,
"CAN","CPI","TOT","IDX2010","Q","1954-Q3",12.16371,
"CAN","CPI","TOT","IDX2010","Q","1954-Q4",12.16371,
"CAN","CPI","TOT","IDX2010","Q","1955-Q1",12.10647,
"CAN","CPI","TOT","IDX2010","Q","1955-Q2",12.10647,
"CAN","CPI","TOT","IDX2010","Q","1955-Q3",12.13509,
"CAN","CPI","TOT","IDX2010","Q","1955-Q4",12.19233,
"CAN","CPI","TOT","IDX2010","Q","1956-Q1",12.13509,
"CAN","CPI","TOT","IDX2010","Q","1956-Q2",12.16371,
"CAN","CPI","TOT","IDX2010","Q","1956-Q3",12.39267,
"CAN","CPI","TOT","IDX2010","Q","1956-Q4",12.50716,
"CAN","CPI","TOT","IDX2010","Q","1957-Q1",12.53578,
"CAN","CPI","TOT","IDX2010","Q","1957-Q2",12.65026,
"CAN","CPI","TOT","IDX2010","Q","1957-Q3",12.79336,
"CAN","CPI","TOT","IDX2010","Q","1957-Q4",12.8506,
"CAN","CPI","TOT","IDX2010","Q","1958-Q1",12.90784,
"CAN","CPI","TOT","IDX2010","Q","1958-Q2",12.96508,
"CAN","CPI","TOT","IDX2010","Q","1958-Q3",13.02232,
"CAN","CPI","TOT","IDX2010","Q","1958-Q4",13.13681,
"CAN","CPI","TOT","IDX2010","Q","1959-Q1",13.10819,
"CAN","CPI","TOT","IDX2010","Q","1959-Q2",13.05094,
"CAN","CPI","TOT","IDX2010","Q","1959-Q3",13.19405,
"CAN","CPI","TOT","IDX2010","Q","1959-Q4",13.30853,
"CAN","CPI","TOT","IDX2010","Q","1960-Q1",13.27991,
"CAN","CPI","TOT","IDX2010","Q","1960-Q2",13.30853,
"CAN","CPI","TOT","IDX2010","Q","1960-Q3",13.30853,
"CAN","CPI","TOT","IDX2010","Q","1960-Q4",13.48025,
"CAN","CPI","TOT","IDX2010","Q","1961-Q1",13.48025,
"CAN","CPI","TOT","IDX2010","Q","1961-Q2",13.48025,
"CAN","CPI","TOT","IDX2010","Q","1961-Q3",13.48025,
"CAN","CPI","TOT","IDX2010","Q","1961-Q4",13.48025,
"CAN","CPI","TOT","IDX2010","Q","1962-Q1",13.48025,
"CAN","CPI","TOT","IDX2010","Q","1962-Q2",13.59473,
"CAN","CPI","TOT","IDX2010","Q","1962-Q3",13.6806,
"CAN","CPI","TOT","IDX2010","Q","1962-Q4",13.73784,
"CAN","CPI","TOT","IDX2010","Q","1963-Q1",13.73784,
"CAN","CPI","TOT","IDX2010","Q","1963-Q2",13.73784,
"CAN","CPI","TOT","IDX2010","Q","1963-Q3",13.93818,
"CAN","CPI","TOT","IDX2010","Q","1963-Q4",13.9668,
"CAN","CPI","TOT","IDX2010","Q","1964-Q1",13.99542,
"CAN","CPI","TOT","IDX2010","Q","1964-Q2",14.08128,
"CAN","CPI","TOT","IDX2010","Q","1964-Q3",14.16714,
"CAN","CPI","TOT","IDX2010","Q","1964-Q4",14.19576,
"CAN","CPI","TOT","IDX2010","Q","1965-Q1",14.25301,
"CAN","CPI","TOT","IDX2010","Q","1965-Q2",14.39611,
"CAN","CPI","TOT","IDX2010","Q","1965-Q3",14.51059,
"CAN","CPI","TOT","IDX2010","Q","1965-Q4",14.59645,
"CAN","CPI","TOT","IDX2010","Q","1966-Q1",14.76817,
"CAN","CPI","TOT","IDX2010","Q","1966-Q2",14.96852,
"CAN","CPI","TOT","IDX2010","Q","1966-Q3",15.083,
"CAN","CPI","TOT","IDX2010","Q","1966-Q4",15.14024,
"CAN","CPI","TOT","IDX2010","Q","1967-Q1",15.2261,
"CAN","CPI","TOT","IDX2010","Q","1967-Q2",15.45507,
"CAN","CPI","TOT","IDX2010","Q","1967-Q3",15.68403,
"CAN","CPI","TOT","IDX2010","Q","1967-Q4",15.74127,
"CAN","CPI","TOT","IDX2010","Q","1968-Q1",15.91299,
"CAN","CPI","TOT","IDX2010","Q","1968-Q2",15.99886,
"CAN","CPI","TOT","IDX2010","Q","1968-Q3",16.28506,
"CAN","CPI","TOT","IDX2010","Q","1968-Q4",16.42816,
"CAN","CPI","TOT","IDX2010","Q","1969-Q1",16.51402,
"CAN","CPI","TOT","IDX2010","Q","1969-Q2",16.85747,
"CAN","CPI","TOT","IDX2010","Q","1969-Q3",17.05781,
"CAN","CPI","TOT","IDX2010","Q","1969-Q4",17.14367,
"CAN","CPI","TOT","IDX2010","Q","1970-Q1",17.34402,
"CAN","CPI","TOT","IDX2010","Q","1970-Q2",17.42988,
"CAN","CPI","TOT","IDX2010","Q","1970-Q3",17.57298,
"CAN","CPI","TOT","IDX2010","Q","1970-Q4",17.48712,
"CAN","CPI","TOT","IDX2010","Q","1971-Q1",17.57298,
"CAN","CPI","TOT","IDX2010","Q","1971-Q2",17.80195,
"CAN","CPI","TOT","IDX2010","Q","1971-Q3",18.11677,
"CAN","CPI","TOT","IDX2010","Q","1971-Q4",18.23125,
"CAN","CPI","TOT","IDX2010","Q","1972-Q1",18.46022,
"CAN","CPI","TOT","IDX2010","Q","1972-Q2",18.63194,
"CAN","CPI","TOT","IDX2010","Q","1972-Q3",19.03263,
"CAN","CPI","TOT","IDX2010","Q","1972-Q4",19.17573,
"CAN","CPI","TOT","IDX2010","Q","1973-Q1",19.51918,
"CAN","CPI","TOT","IDX2010","Q","1973-Q2",19.94848,
"CAN","CPI","TOT","IDX2010","Q","1973-Q3",20.54951,
"CAN","CPI","TOT","IDX2010","Q","1973-Q4",20.92158,
"CAN","CPI","TOT","IDX2010","Q","1974-Q1",21.40813,
"CAN","CPI","TOT","IDX2010","Q","1974-Q2",22.15226,
"CAN","CPI","TOT","IDX2010","Q","1974-Q3",22.81053,
"CAN","CPI","TOT","IDX2010","Q","1974-Q4",23.4688,
"CAN","CPI","TOT","IDX2010","Q","1975-Q1",23.89811,
"CAN","CPI","TOT","IDX2010","Q","1975-Q2",24.47052,
"CAN","CPI","TOT","IDX2010","Q","1975-Q3",25.27189,
"CAN","CPI","TOT","IDX2010","Q","1975-Q4",25.78706,
"CAN","CPI","TOT","IDX2010","Q","1976-Q1",26.15913,
"CAN","CPI","TOT","IDX2010","Q","1976-Q2",26.5312,
"CAN","CPI","TOT","IDX2010","Q","1976-Q3",26.93188,
"CAN","CPI","TOT","IDX2010","Q","1976-Q4",27.30395,
"CAN","CPI","TOT","IDX2010","Q","1977-Q1",27.87636,
"CAN","CPI","TOT","IDX2010","Q","1977-Q2",28.59187,
"CAN","CPI","TOT","IDX2010","Q","1977-Q3",29.1929,
"CAN","CPI","TOT","IDX2010","Q","1977-Q4",29.79393,
"CAN","CPI","TOT","IDX2010","Q","1978-Q1",30.39496,
"CAN","CPI","TOT","IDX2010","Q","1978-Q2",31.11048,
"CAN","CPI","TOT","IDX2010","Q","1978-Q3",31.88323,
"CAN","CPI","TOT","IDX2010","Q","1978-Q4",32.42702,
"CAN","CPI","TOT","IDX2010","Q","1979-Q1",33.11391,
"CAN","CPI","TOT","IDX2010","Q","1979-Q2",34.02977,
"CAN","CPI","TOT","IDX2010","Q","1979-Q3",34.68804,
"CAN","CPI","TOT","IDX2010","Q","1979-Q4",35.48941,
"CAN","CPI","TOT","IDX2010","Q","1980-Q1",36.26217,
"CAN","CPI","TOT","IDX2010","Q","1980-Q2",37.26388,
"CAN","CPI","TOT","IDX2010","Q","1980-Q3",38.32284,
"CAN","CPI","TOT","IDX2010","Q","1980-Q4",39.3818,
"CAN","CPI","TOT","IDX2010","Q","1981-Q1",40.72696,
"CAN","CPI","TOT","IDX2010","Q","1981-Q2",41.92902,
"CAN","CPI","TOT","IDX2010","Q","1981-Q3",43.18832,
"CAN","CPI","TOT","IDX2010","Q","1981-Q4",44.24728,
"CAN","CPI","TOT","IDX2010","Q","1982-Q1",45.36348,
"CAN","CPI","TOT","IDX2010","Q","1982-Q2",46.76588,
"CAN","CPI","TOT","IDX2010","Q","1982-Q3",47.7676,
"CAN","CPI","TOT","IDX2010","Q","1982-Q4",48.51173,
"CAN","CPI","TOT","IDX2010","Q","1983-Q1",48.85518,
"CAN","CPI","TOT","IDX2010","Q","1983-Q2",49.51345,
"CAN","CPI","TOT","IDX2010","Q","1983-Q3",50.31483,
"CAN","CPI","TOT","IDX2010","Q","1983-Q4",50.77275,
"CAN","CPI","TOT","IDX2010","Q","1984-Q1",51.37378,
"CAN","CPI","TOT","IDX2010","Q","1984-Q2",51.80309,
"CAN","CPI","TOT","IDX2010","Q","1984-Q3",52.2324,
"CAN","CPI","TOT","IDX2010","Q","1984-Q4",52.63309,
"CAN","CPI","TOT","IDX2010","Q","1985-Q1",53.23412,
"CAN","CPI","TOT","IDX2010","Q","1985-Q2",53.86377,
"CAN","CPI","TOT","IDX2010","Q","1985-Q3",54.37894,
"CAN","CPI","TOT","IDX2010","Q","1985-Q4",54.80824,
"CAN","CPI","TOT","IDX2010","Q","1986-Q1",55.52375,
"CAN","CPI","TOT","IDX2010","Q","1986-Q2",55.98168,
"CAN","CPI","TOT","IDX2010","Q","1986-Q3",56.63995,
"CAN","CPI","TOT","IDX2010","Q","1986-Q4",57.21236,
"CAN","CPI","TOT","IDX2010","Q","1987-Q1",57.75615,
"CAN","CPI","TOT","IDX2010","Q","1987-Q2",58.58615,
"CAN","CPI","TOT","IDX2010","Q","1987-Q3",59.2158,
"CAN","CPI","TOT","IDX2010","Q","1987-Q4",59.61649,
"CAN","CPI","TOT","IDX2010","Q","1988-Q1",60.13165,
"CAN","CPI","TOT","IDX2010","Q","1988-Q2",60.90441,
"CAN","CPI","TOT","IDX2010","Q","1988-Q3",61.56268,
"CAN","CPI","TOT","IDX2010","Q","1988-Q4",62.04923,
"CAN","CPI","TOT","IDX2010","Q","1989-Q1",62.82198,
"CAN","CPI","TOT","IDX2010","Q","1989-Q2",63.90956,
"CAN","CPI","TOT","IDX2010","Q","1989-Q3",64.82542,
"CAN","CPI","TOT","IDX2010","Q","1989-Q4",65.28334,
"CAN","CPI","TOT","IDX2010","Q","1990-Q1",66.22782,
"CAN","CPI","TOT","IDX2010","Q","1990-Q2",66.85747,
"CAN","CPI","TOT","IDX2010","Q","1990-Q3",67.51574,
"CAN","CPI","TOT","IDX2010","Q","1990-Q4",68.51746,
"CAN","CPI","TOT","IDX2010","Q","1991-Q1",70.49227,
"CAN","CPI","TOT","IDX2010","Q","1991-Q2",71.00744,
"CAN","CPI","TOT","IDX2010","Q","1991-Q3",71.43675,
"CAN","CPI","TOT","IDX2010","Q","1991-Q4",71.32227,
"CAN","CPI","TOT","IDX2010","Q","1992-Q1",71.60847,
"CAN","CPI","TOT","IDX2010","Q","1992-Q2",71.98054,
"CAN","CPI","TOT","IDX2010","Q","1992-Q3",72.29536,
"CAN","CPI","TOT","IDX2010","Q","1992-Q4",72.61019,
"CAN","CPI","TOT","IDX2010","Q","1993-Q1",73.12536,
"CAN","CPI","TOT","IDX2010","Q","1993-Q2",73.26846,
"CAN","CPI","TOT","IDX2010","Q","1993-Q3",73.55466,
"CAN","CPI","TOT","IDX2010","Q","1993-Q4",73.92673,
"CAN","CPI","TOT","IDX2010","Q","1994-Q1",73.52605,
"CAN","CPI","TOT","IDX2010","Q","1994-Q2",73.26846,
"CAN","CPI","TOT","IDX2010","Q","1994-Q3",73.66914,
"CAN","CPI","TOT","IDX2010","Q","1994-Q4",73.89811,
"CAN","CPI","TOT","IDX2010","Q","1995-Q1",74.64224,
"CAN","CPI","TOT","IDX2010","Q","1995-Q2",75.24327,
"CAN","CPI","TOT","IDX2010","Q","1995-Q3",75.38638,
"CAN","CPI","TOT","IDX2010","Q","1995-Q4",75.415,
"CAN","CPI","TOT","IDX2010","Q","1996-Q1",75.72982,
"CAN","CPI","TOT","IDX2010","Q","1996-Q2",76.33086,
"CAN","CPI","TOT","IDX2010","Q","1996-Q3",76.44534,
"CAN","CPI","TOT","IDX2010","Q","1996-Q4",76.90326,
"CAN","CPI","TOT","IDX2010","Q","1997-Q1",77.33257,
"CAN","CPI","TOT","IDX2010","Q","1997-Q2",77.56153,
"CAN","CPI","TOT","IDX2010","Q","1997-Q3",77.76188,
"CAN","CPI","TOT","IDX2010","Q","1997-Q4",77.70464,
"CAN","CPI","TOT","IDX2010","Q","1998-Q1",78.13394,
"CAN","CPI","TOT","IDX2010","Q","1998-Q2",78.33429,
"CAN","CPI","TOT","IDX2010","Q","1998-Q3",78.42015,
"CAN","CPI","TOT","IDX2010","Q","1998-Q4",78.56325,
"CAN","CPI","TOT","IDX2010","Q","1999-Q1",78.73498,
"CAN","CPI","TOT","IDX2010","Q","1999-Q2",79.59359,
"CAN","CPI","TOT","IDX2010","Q","1999-Q3",80.13737,
"CAN","CPI","TOT","IDX2010","Q","1999-Q4",80.42358,
"CAN","CPI","TOT","IDX2010","Q","2000-Q1",80.82427,
"CAN","CPI","TOT","IDX2010","Q","2000-Q2",81.53978,
"CAN","CPI","TOT","IDX2010","Q","2000-Q3",82.31254,
"CAN","CPI","TOT","IDX2010","Q","2000-Q4",82.88495,
"CAN","CPI","TOT","IDX2010","Q","2001-Q1",83.05667,
"CAN","CPI","TOT","IDX2010","Q","2001-Q2",84.45908,
"CAN","CPI","TOT","IDX2010","Q","2001-Q3",84.54494,
"CAN","CPI","TOT","IDX2010","Q","2001-Q4",83.77218,
"CAN","CPI","TOT","IDX2010","Q","2002-Q1",84.34459,
"CAN","CPI","TOT","IDX2010","Q","2002-Q2",85.60389,
"CAN","CPI","TOT","IDX2010","Q","2002-Q3",86.51974,
"CAN","CPI","TOT","IDX2010","Q","2002-Q4",86.94906,
"CAN","CPI","TOT","IDX2010","Q","2003-Q1",88.1225,
"CAN","CPI","TOT","IDX2010","Q","2003-Q2",87.97939,
"CAN","CPI","TOT","IDX2010","Q","2003-Q3",88.32284,
"CAN","CPI","TOT","IDX2010","Q","2003-Q4",88.46594,
"CAN","CPI","TOT","IDX2010","Q","2004-Q1",88.92387,
"CAN","CPI","TOT","IDX2010","Q","2004-Q2",89.92559,
"CAN","CPI","TOT","IDX2010","Q","2004-Q3",90.09731,
"CAN","CPI","TOT","IDX2010","Q","2004-Q4",90.49799,
"CAN","CPI","TOT","IDX2010","Q","2005-Q1",90.81282,
"CAN","CPI","TOT","IDX2010","Q","2005-Q2",91.64281,
"CAN","CPI","TOT","IDX2010","Q","2005-Q3",92.44419,
"CAN","CPI","TOT","IDX2010","Q","2005-Q4",92.50143,
"CAN","CPI","TOT","IDX2010","Q","2006-Q1",92.95936,
"CAN","CPI","TOT","IDX2010","Q","2006-Q2",93.9897,
"CAN","CPI","TOT","IDX2010","Q","2006-Q3",94.04694,
"CAN","CPI","TOT","IDX2010","Q","2006-Q4",93.76073,
"CAN","CPI","TOT","IDX2010","Q","2007-Q1",94.64796,
"CAN","CPI","TOT","IDX2010","Q","2007-Q2",96.05037,
"CAN","CPI","TOT","IDX2010","Q","2007-Q3",96.05037,
"CAN","CPI","TOT","IDX2010","Q","2007-Q4",96.02175,
"CAN","CPI","TOT","IDX2010","Q","2008-Q1",96.33658,
"CAN","CPI","TOT","IDX2010","Q","2008-Q2",98.31139,
"CAN","CPI","TOT","IDX2010","Q","2008-Q3",99.34173,
"CAN","CPI","TOT","IDX2010","Q","2008-Q4",97.85346,
"CAN","CPI","TOT","IDX2010","Q","2009-Q1",97.53864,
"CAN","CPI","TOT","IDX2010","Q","2009-Q2",98.36863,
"CAN","CPI","TOT","IDX2010","Q","2009-Q3",98.48312,
"CAN","CPI","TOT","IDX2010","Q","2009-Q4",98.62621,
"CAN","CPI","TOT","IDX2010","Q","2010-Q1",99.11276,
"CAN","CPI","TOT","IDX2010","Q","2010-Q2",99.74242,
"CAN","CPI","TOT","IDX2010","Q","2010-Q3",100.2862,
"CAN","CPI","TOT","IDX2010","Q","2010-Q4",100.8586,
"CAN","CPI","TOT","IDX2010","Q","2011-Q1",101.6886,
"CAN","CPI","TOT","IDX2010","Q","2011-Q2",103.091,
"CAN","CPI","TOT","IDX2010","Q","2011-Q3",103.2914,
"CAN","CPI","TOT","IDX2010","Q","2011-Q4",103.5776,
"CAN","CPI","TOT","IDX2010","Q","2012-Q1",104.0641,
"CAN","CPI","TOT","IDX2010","Q","2012-Q2",104.7224,
"CAN","CPI","TOT","IDX2010","Q","2012-Q3",104.5507,
"CAN","CPI","TOT","IDX2010","Q","2012-Q4",104.5507,
"CAN","CPI","TOT","IDX2010","Q","2013-Q1",105.0086,
"CAN","CPI","TOT","IDX2010","Q","2013-Q2",105.5238,
"CAN","CPI","TOT","IDX2010","Q","2013-Q3",105.7527,
"CAN","CPI","TOT","IDX2010","Q","2013-Q4",105.5238,
"CAN","CPI","TOT","IDX2010","Q","2014-Q1",106.4682,
"CAN","CPI","TOT","IDX2010","Q","2014-Q2",107.8706,
"CAN","CPI","TOT","IDX2010","Q","2014-Q3",107.9565,
"CAN","CPI","TOT","IDX2010","Q","2014-Q4",107.5558,
"CAN","CPI","TOT","IDX2010","Q","2015-Q1",107.6131,
"CAN","CPI","TOT","IDX2010","Q","2015-Q2",108.8437,
"CAN","CPI","TOT","IDX2010","Q","2015-Q3",109.2444,
"CAN","CPI","TOT","IDX2010","Q","2015-Q4",108.9868,
"CAN","CPI","TOT","IDX2010","Q","2016-Q1",109.273,
"CAN","CPI","TOT","IDX2010","Q","2016-Q2",110.5323,
"CAN","CPI","TOT","IDX2010","Q","2016-Q3",110.5896,
"CAN","CPI","TOT","IDX2010","Q","2016-Q4",110.5037,
"CAN","CPI","TOT","IDX2010","Q","2017-Q1",111.3623,
"CAN","CPI","TOT","IDX2010","Q","2017-Q2",111.992,
"CAN","CPI","TOT","IDX2010","Q","2017-Q3",112.1065,
"CAN","CPI","TOT","IDX2010","Q","2017-Q4",112.4785,
"CAN","CPI","TOT","IDX2010","Q","2018-Q1",113.652,
"FRA","CPI","TOT","IDX2010","Q","1955-Q1",7.82923,
"FRA","CPI","TOT","IDX2010","Q","1955-Q2",7.827431,
"FRA","CPI","TOT","IDX2010","Q","1955-Q3",7.746476,
"FRA","CPI","TOT","IDX2010","Q","1955-Q4",7.886797,
"FRA","CPI","TOT","IDX2010","Q","1956-Q1",7.965953,
"FRA","CPI","TOT","IDX2010","Q","1956-Q2",7.97135,
"FRA","CPI","TOT","IDX2010","Q","1956-Q3",7.953361,
"FRA","CPI","TOT","IDX2010","Q","1956-Q4",7.992939,
"FRA","CPI","TOT","IDX2010","Q","1957-Q1",8.009226,
"FRA","CPI","TOT","IDX2010","Q","1957-Q2",7.980072,
"FRA","CPI","TOT","IDX2010","Q","1957-Q3",8.223901,
"FRA","CPI","TOT","IDX2010","Q","1957-Q4",8.645299,
"FRA","CPI","TOT","IDX2010","Q","1958-Q1",9.244268,
"FRA","CPI","TOT","IDX2010","Q","1958-Q2",9.461594,
"FRA","CPI","TOT","IDX2010","Q","1958-Q3",9.554355,
"FRA","CPI","TOT","IDX2010","Q","1958-Q4",9.612661,
"FRA","CPI","TOT","IDX2010","Q","1959-Q1",9.941299,
"FRA","CPI","TOT","IDX2010","Q","1959-Q2",9.935998,
"FRA","CPI","TOT","IDX2010","Q","1959-Q3",10.01021,
"FRA","CPI","TOT","IDX2010","Q","1959-Q4",10.18778,
"FRA","CPI","TOT","IDX2010","Q","1960-Q1",10.36005,
"FRA","CPI","TOT","IDX2010","Q","1960-Q2",10.36535,
"FRA","CPI","TOT","IDX2010","Q","1960-Q3",10.46076,
"FRA","CPI","TOT","IDX2010","Q","1960-Q4",10.54822,
"FRA","CPI","TOT","IDX2010","Q","1961-Q1",10.58532,
"FRA","CPI","TOT","IDX2010","Q","1961-Q2",10.55087,
"FRA","CPI","TOT","IDX2010","Q","1961-Q3",10.66748,
"FRA","CPI","TOT","IDX2010","Q","1961-Q4",10.93251,
"FRA","CPI","TOT","IDX2010","Q","1962-Q1",11.09773,
"FRA","CPI","TOT","IDX2010","Q","1962-Q2",11.20668,
"FRA","CPI","TOT","IDX2010","Q","1962-Q3",11.3006,
"FRA","CPI","TOT","IDX2010","Q","1962-Q4",11.40955,
"FRA","CPI","TOT","IDX2010","Q","1963-Q1",11.60867,
"FRA","CPI","TOT","IDX2010","Q","1963-Q2",11.73264,
"FRA","CPI","TOT","IDX2010","Q","1963-Q3",11.9017,
"FRA","CPI","TOT","IDX2010","Q","1963-Q4",12.02192,
"FRA","CPI","TOT","IDX2010","Q","1964-Q1",12.10457,
"FRA","CPI","TOT","IDX2010","Q","1964-Q2",12.14214,
"FRA","CPI","TOT","IDX2010","Q","1964-Q3",12.22855,
"FRA","CPI","TOT","IDX2010","Q","1964-Q4",12.30744,
"FRA","CPI","TOT","IDX2010","Q","1965-Q1",12.39385,
"FRA","CPI","TOT","IDX2010","Q","1965-Q2",12.53285,
"FRA","CPI","TOT","IDX2010","Q","1965-Q3",12.55539,
"FRA","CPI","TOT","IDX2010","Q","1965-Q4",12.61926,
"FRA","CPI","TOT","IDX2010","Q","1966-Q1",12.72445,
"FRA","CPI","TOT","IDX2010","Q","1966-Q2",12.81837,
"FRA","CPI","TOT","IDX2010","Q","1966-Q3",12.88975,
"FRA","CPI","TOT","IDX2010","Q","1966-Q4",12.9724,
"FRA","CPI","TOT","IDX2010","Q","1967-Q1",13.08135,
"FRA","CPI","TOT","IDX2010","Q","1967-Q2",13.13395,
"FRA","CPI","TOT","IDX2010","Q","1967-Q3",13.22035,
"FRA","CPI","TOT","IDX2010","Q","1967-Q4",13.40444,
"FRA","CPI","TOT","IDX2010","Q","1968-Q1",13.59228,
"FRA","CPI","TOT","IDX2010","Q","1968-Q2",13.68245,
"FRA","CPI","TOT","IDX2010","Q","1968-Q3",13.84775,
"FRA","CPI","TOT","IDX2010","Q","1968-Q4",14.11824,
"FRA","CPI","TOT","IDX2010","Q","1969-Q1",14.36619,
"FRA","CPI","TOT","IDX2010","Q","1969-Q2",14.55404,
"FRA","CPI","TOT","IDX2010","Q","1969-Q3",14.72309,
"FRA","CPI","TOT","IDX2010","Q","1969-Q4",14.93723,
"FRA","CPI","TOT","IDX2010","Q","1970-Q1",15.16012,
"FRA","CPI","TOT","IDX2010","Q","1970-Q2",15.34538,
"FRA","CPI","TOT","IDX2010","Q","1970-Q3",15.49976,
"FRA","CPI","TOT","IDX2010","Q","1970-Q4",15.67987,
"FRA","CPI","TOT","IDX2010","Q","1971-Q1",15.896,
"FRA","CPI","TOT","IDX2010","Q","1971-Q2",16.14815,
"FRA","CPI","TOT","IDX2010","Q","1971-Q3",16.36943,
"FRA","CPI","TOT","IDX2010","Q","1971-Q4",16.601,
"FRA","CPI","TOT","IDX2010","Q","1972-Q1",16.80684,
"FRA","CPI","TOT","IDX2010","Q","1972-Q2",17.04356,
"FRA","CPI","TOT","IDX2010","Q","1972-Q3",17.3729,
"FRA","CPI","TOT","IDX2010","Q","1972-Q4",17.73312,
"FRA","CPI","TOT","IDX2010","Q","1973-Q1",17.89265,
"FRA","CPI","TOT","IDX2010","Q","1973-Q2",18.25287,
"FRA","CPI","TOT","IDX2010","Q","1973-Q3",18.69542,
"FRA","CPI","TOT","IDX2010","Q","1973-Q4",19.20488,
"FRA","CPI","TOT","IDX2010","Q","1974-Q1",19.92017,
"FRA","CPI","TOT","IDX2010","Q","1974-Q2",20.72809,
"FRA","CPI","TOT","IDX2010","Q","1974-Q3",21.41766,
"FRA","CPI","TOT","IDX2010","Q","1974-Q4",22.08664,
"FRA","CPI","TOT","IDX2010","Q","1975-Q1",22.69901,
"FRA","CPI","TOT","IDX2010","Q","1975-Q2",23.24963,
"FRA","CPI","TOT","IDX2010","Q","1975-Q3",23.75909,
"FRA","CPI","TOT","IDX2010","Q","1975-Q4",24.27884,
"FRA","CPI","TOT","IDX2010","Q","1976-Q1",24.87062,
"FRA","CPI","TOT","IDX2010","Q","1976-Q2",25.43669,
"FRA","CPI","TOT","IDX2010","Q","1976-Q3",26.02847,
"FRA","CPI","TOT","IDX2010","Q","1976-Q4",26.69746,
"FRA","CPI","TOT","IDX2010","Q","1977-Q1",27.11428,
"FRA","CPI","TOT","IDX2010","Q","1977-Q2",27.94279,
"FRA","CPI","TOT","IDX2010","Q","1977-Q3",28.60662,
"FRA","CPI","TOT","IDX2010","Q","1977-Q4",29.1521,
"FRA","CPI","TOT","IDX2010","Q","1978-Q1",29.61009,
"FRA","CPI","TOT","IDX2010","Q","1978-Q2",30.45404,
"FRA","CPI","TOT","IDX2010","Q","1978-Q3",31.26711,
"FRA","CPI","TOT","IDX2010","Q","1978-Q4",31.92065,
"FRA","CPI","TOT","IDX2010","Q","1979-Q1",32.61536,
"FRA","CPI","TOT","IDX2010","Q","1979-Q2",33.53649,
"FRA","CPI","TOT","IDX2010","Q","1979-Q3",34.6223,
"FRA","CPI","TOT","IDX2010","Q","1979-Q4",35.60004,
"FRA","CPI","TOT","IDX2010","Q","1980-Q1",36.95821,
"FRA","CPI","TOT","IDX2010","Q","1980-Q2",38.13539,
"FRA","CPI","TOT","IDX2010","Q","1980-Q3",39.33844,
"FRA","CPI","TOT","IDX2010","Q","1980-Q4",40.438,
"FRA","CPI","TOT","IDX2010","Q","1981-Q1",41.64105,
"FRA","CPI","TOT","IDX2010","Q","1981-Q2",43.01227,
"FRA","CPI","TOT","IDX2010","Q","1981-Q3",44.69395,
"FRA","CPI","TOT","IDX2010","Q","1981-Q4",46.14278,
"FRA","CPI","TOT","IDX2010","Q","1982-Q1",47.46226,
"FRA","CPI","TOT","IDX2010","Q","1982-Q2",48.92403,
"FRA","CPI","TOT","IDX2010","Q","1982-Q3",49.60964,
"FRA","CPI","TOT","IDX2010","Q","1982-Q4",50.51516,
"FRA","CPI","TOT","IDX2010","Q","1983-Q1",51.86051,
"FRA","CPI","TOT","IDX2010","Q","1983-Q2",53.30934,
"FRA","CPI","TOT","IDX2010","Q","1983-Q3",54.44771,
"FRA","CPI","TOT","IDX2010","Q","1983-Q4",55.48259,
"FRA","CPI","TOT","IDX2010","Q","1984-Q1",56.43986,
"FRA","CPI","TOT","IDX2010","Q","1984-Q2",57.4618,
"FRA","CPI","TOT","IDX2010","Q","1984-Q3",58.43201,
"FRA","CPI","TOT","IDX2010","Q","1984-Q4",59.27285,
"FRA","CPI","TOT","IDX2010","Q","1985-Q1",60.07488,
"FRA","CPI","TOT","IDX2010","Q","1985-Q2",61.17444,
"FRA","CPI","TOT","IDX2010","Q","1985-Q3",61.74363,
"FRA","CPI","TOT","IDX2010","Q","1985-Q4",62.11877,
"FRA","CPI","TOT","IDX2010","Q","1986-Q1",62.19639,
"FRA","CPI","TOT","IDX2010","Q","1986-Q2",62.64915,
"FRA","CPI","TOT","IDX2010","Q","1986-Q3",63.03723,
"FRA","CPI","TOT","IDX2010","Q","1986-Q4",63.45118,
"FRA","CPI","TOT","IDX2010","Q","1987-Q1",64.21441,
"FRA","CPI","TOT","IDX2010","Q","1987-Q2",64.77065,
"FRA","CPI","TOT","IDX2010","Q","1987-Q3",65.15874,
"FRA","CPI","TOT","IDX2010","Q","1987-Q4",65.45627,
"FRA","CPI","TOT","IDX2010","Q","1988-Q1",65.76673,
"FRA","CPI","TOT","IDX2010","Q","1988-Q2",66.41353,
"FRA","CPI","TOT","IDX2010","Q","1988-Q3",67.00859,
"FRA","CPI","TOT","IDX2010","Q","1988-Q4",67.42254,
"FRA","CPI","TOT","IDX2010","Q","1989-Q1",67.99172,
"FRA","CPI","TOT","IDX2010","Q","1989-Q2",68.81963,
"FRA","CPI","TOT","IDX2010","Q","1989-Q3",69.28532,
"FRA","CPI","TOT","IDX2010","Q","1989-Q4",69.84158,
"FRA","CPI","TOT","IDX2010","Q","1990-Q1",70.28102,
"FRA","CPI","TOT","IDX2010","Q","1990-Q2",70.90042,
"FRA","CPI","TOT","IDX2010","Q","1990-Q3",71.42832,
"FRA","CPI","TOT","IDX2010","Q","1990-Q4",72.14275,
"FRA","CPI","TOT","IDX2010","Q","1991-Q1",72.64249,
"FRA","CPI","TOT","IDX2010","Q","1991-Q2",73.23373,
"FRA","CPI","TOT","IDX2010","Q","1991-Q3",73.71588,
"FRA","CPI","TOT","IDX2010","Q","1991-Q4",74.31065,
"FRA","CPI","TOT","IDX2010","Q","1992-Q1",74.66258,
"FRA","CPI","TOT","IDX2010","Q","1992-Q2",75.23624,
"FRA","CPI","TOT","IDX2010","Q","1992-Q3",75.28902,
"FRA","CPI","TOT","IDX2010","Q","1992-Q4",75.66207,
"FRA","CPI","TOT","IDX2010","Q","1993-Q1",76.26036,
"FRA","CPI","TOT","IDX2010","Q","1993-Q2",76.7601,
"FRA","CPI","TOT","IDX2010","Q","1993-Q3",76.91144,
"FRA","CPI","TOT","IDX2010","Q","1993-Q4",77.24929,
"FRA","CPI","TOT","IDX2010","Q","1994-Q1",77.55547,
"FRA","CPI","TOT","IDX2010","Q","1994-Q2",78.06226,
"FRA","CPI","TOT","IDX2010","Q","1994-Q3",78.1608,
"FRA","CPI","TOT","IDX2010","Q","1994-Q4",78.4881,
"FRA","CPI","TOT","IDX2010","Q","1995-Q1",78.92097,
"FRA","CPI","TOT","IDX2010","Q","1995-Q2",79.33626,
"FRA","CPI","TOT","IDX2010","Q","1995-Q3",79.57557,
"FRA","CPI","TOT","IDX2010","Q","1995-Q4",80.04364,
"FRA","CPI","TOT","IDX2010","Q","1996-Q1",80.58562,
"FRA","CPI","TOT","IDX2010","Q","1996-Q2",81.20853,
"FRA","CPI","TOT","IDX2010","Q","1996-Q3",81.02905,
"FRA","CPI","TOT","IDX2010","Q","1996-Q4",81.35635,
"FRA","CPI","TOT","IDX2010","Q","1997-Q1",81.75755,
"FRA","CPI","TOT","IDX2010","Q","1997-Q2",81.95815,
"FRA","CPI","TOT","IDX2010","Q","1997-Q3",82.06725,
"FRA","CPI","TOT","IDX2010","Q","1997-Q4",82.29953,
"FRA","CPI","TOT","IDX2010","Q","1998-Q1",82.36992,
"FRA","CPI","TOT","IDX2010","Q","1998-Q2",82.7676,
"FRA","CPI","TOT","IDX2010","Q","1998-Q3",82.567,
"FRA","CPI","TOT","IDX2010","Q","1998-Q4",82.51421,
"FRA","CPI","TOT","IDX2010","Q","1999-Q1",82.58108,
"FRA","CPI","TOT","IDX2010","Q","1999-Q2",83.08434,
"FRA","CPI","TOT","IDX2010","Q","1999-Q3",82.99636,
"FRA","CPI","TOT","IDX2010","Q","1999-Q4",83.3307,
"FRA","CPI","TOT","IDX2010","Q","2000-Q1",83.78821,
"FRA","CPI","TOT","IDX2010","Q","2000-Q2",84.26684,
"FRA","CPI","TOT","IDX2010","Q","2000-Q3",84.57654,
"FRA","CPI","TOT","IDX2010","Q","2000-Q4",84.92495,
"FRA","CPI","TOT","IDX2010","Q","2001-Q1",84.88272,
"FRA","CPI","TOT","IDX2010","Q","2001-Q2",85.99483,
"FRA","CPI","TOT","IDX2010","Q","2001-Q3",86.07929,
"FRA","CPI","TOT","IDX2010","Q","2001-Q4",86.118,
"FRA","CPI","TOT","IDX2010","Q","2002-Q1",86.70925,
"FRA","CPI","TOT","IDX2010","Q","2002-Q2",87.392,
"FRA","CPI","TOT","IDX2010","Q","2002-Q3",87.60668,
"FRA","CPI","TOT","IDX2010","Q","2002-Q4",87.96565,
"FRA","CPI","TOT","IDX2010","Q","2003-Q1",88.76102,
"FRA","CPI","TOT","IDX2010","Q","2003-Q2",89.06368,
"FRA","CPI","TOT","IDX2010","Q","2003-Q3",89.29948,
"FRA","CPI","TOT","IDX2010","Q","2003-Q4",89.88721,
"FRA","CPI","TOT","IDX2010","Q","2004-Q1",90.3588,
"FRA","CPI","TOT","IDX2010","Q","2004-Q2",91.19288,
"FRA","CPI","TOT","IDX2010","Q","2004-Q3",91.34069,
"FRA","CPI","TOT","IDX2010","Q","2004-Q4",91.76653,
"FRA","CPI","TOT","IDX2010","Q","2005-Q1",91.91434,
"FRA","CPI","TOT","IDX2010","Q","2005-Q2",92.7449,
"FRA","CPI","TOT","IDX2010","Q","2005-Q3",93.05812,
"FRA","CPI","TOT","IDX2010","Q","2005-Q4",93.30799,
"FRA","CPI","TOT","IDX2010","Q","2006-Q1",93.55434,
"FRA","CPI","TOT","IDX2010","Q","2006-Q2",94.51865,
"FRA","CPI","TOT","IDX2010","Q","2006-Q3",94.63478,
"FRA","CPI","TOT","IDX2010","Q","2006-Q4",94.53272,
"FRA","CPI","TOT","IDX2010","Q","2007-Q1",94.64182,
"FRA","CPI","TOT","IDX2010","Q","2007-Q2",95.62724,
"FRA","CPI","TOT","IDX2010","Q","2007-Q3",95.83487,
"FRA","CPI","TOT","IDX2010","Q","2007-Q4",96.7499,
"FRA","CPI","TOT","IDX2010","Q","2008-Q1",97.43265,
"FRA","CPI","TOT","IDX2010","Q","2008-Q2",98.78759,
"FRA","CPI","TOT","IDX2010","Q","2008-Q3",98.94948,
"FRA","CPI","TOT","IDX2010","Q","2008-Q4",98.45325,
"FRA","CPI","TOT","IDX2010","Q","2009-Q1",98.0415,
"FRA","CPI","TOT","IDX2010","Q","2009-Q2",98.58347,
"FRA","CPI","TOT","IDX2010","Q","2009-Q3",98.53068,
"FRA","CPI","TOT","IDX2010","Q","2009-Q4",98.81223,
"FRA","CPI","TOT","IDX2010","Q","2010-Q1",99.34013,
"FRA","CPI","TOT","IDX2010","Q","2010-Q2",100.1742,
"FRA","CPI","TOT","IDX2010","Q","2010-Q3",100.051,
"FRA","CPI","TOT","IDX2010","Q","2010-Q4",100.4346,
"FRA","CPI","TOT","IDX2010","Q","2011-Q1",101.1244,
"FRA","CPI","TOT","IDX2010","Q","2011-Q2",102.2436,
"FRA","CPI","TOT","IDX2010","Q","2011-Q3",102.1908,
"FRA","CPI","TOT","IDX2010","Q","2011-Q4",102.8876,
"FRA","CPI","TOT","IDX2010","Q","2012-Q1",103.4648,
"FRA","CPI","TOT","IDX2010","Q","2012-Q2",104.2883,
"FRA","CPI","TOT","IDX2010","Q","2012-Q3",104.2109,
"FRA","CPI","TOT","IDX2010","Q","2012-Q4",104.4643,
"FRA","CPI","TOT","IDX2010","Q","2013-Q1",104.5628,
"FRA","CPI","TOT","IDX2010","Q","2013-Q2",105.1294,
"FRA","CPI","TOT","IDX2010","Q","2013-Q3",105.1893,
"FRA","CPI","TOT","IDX2010","Q","2013-Q4",105.1435,
"FRA","CPI","TOT","IDX2010","Q","2014-Q1",105.323,
"FRA","CPI","TOT","IDX2010","Q","2014-Q2",105.7911,
"FRA","CPI","TOT","IDX2010","Q","2014-Q3",105.6081,
"FRA","CPI","TOT","IDX2010","Q","2014-Q4",105.4356,
"FRA","CPI","TOT","IDX2010","Q","2015-Q1",105.0696,
"FRA","CPI","TOT","IDX2010","Q","2015-Q2",106.0163,
"FRA","CPI","TOT","IDX2010","Q","2015-Q3",105.696,
"FRA","CPI","TOT","IDX2010","Q","2015-Q4",105.5341,
"FRA","CPI","TOT","IDX2010","Q","2016-Q1",105.0274,
"FRA","CPI","TOT","IDX2010","Q","2016-Q2",106.0093,
"FRA","CPI","TOT","IDX2010","Q","2016-Q3",105.9917,
"FRA","CPI","TOT","IDX2010","Q","2016-Q4",106.062,
"FRA","CPI","TOT","IDX2010","Q","2017-Q1",106.3225,
"FRA","CPI","TOT","IDX2010","Q","2017-Q2",106.9489,
"FRA","CPI","TOT","IDX2010","Q","2017-Q3",106.9137,
"FRA","CPI","TOT","IDX2010","Q","2017-Q4",107.2727,
"FRA","CPI","TOT","IDX2010","Q","2018-Q1",107.7689,
"DEU","CPI","TOT","IDX2010","Q","1955-Q1",22.35386,
"DEU","CPI","TOT","IDX2010","Q","1955-Q2",22.28393,
"DEU","CPI","TOT","IDX2010","Q","1955-Q3",22.49371,
"DEU","CPI","TOT","IDX2010","Q","1955-Q4",22.79674,
"DEU","CPI","TOT","IDX2010","Q","1956-Q1",22.88998,
"DEU","CPI","TOT","IDX2010","Q","1956-Q2",23.09976,
"DEU","CPI","TOT","IDX2010","Q","1956-Q3",23.07645,
"DEU","CPI","TOT","IDX2010","Q","1956-Q4",23.21631,
"DEU","CPI","TOT","IDX2010","Q","1957-Q1",23.30955,
"DEU","CPI","TOT","IDX2010","Q","1957-Q2",23.44941,
"DEU","CPI","TOT","IDX2010","Q","1957-Q3",23.70581,
"DEU","CPI","TOT","IDX2010","Q","1957-Q4",23.75243,
"DEU","CPI","TOT","IDX2010","Q","1958-Q1",24.03214,
"DEU","CPI","TOT","IDX2010","Q","1958-Q2",24.21862,
"DEU","CPI","TOT","IDX2010","Q","1958-Q3",23.96222,
"DEU","CPI","TOT","IDX2010","Q","1958-Q4",24.00883,
"DEU","CPI","TOT","IDX2010","Q","1959-Q1",24.05545,
"DEU","CPI","TOT","IDX2010","Q","1959-Q2",24.12538,
"DEU","CPI","TOT","IDX2010","Q","1959-Q3",24.35848,
"DEU","CPI","TOT","IDX2010","Q","1959-Q4",24.54495,
"DEU","CPI","TOT","IDX2010","Q","1960-Q1",24.52164,
"DEU","CPI","TOT","IDX2010","Q","1960-Q2",24.6615,
"DEU","CPI","TOT","IDX2010","Q","1960-Q3",24.6615,
"DEU","CPI","TOT","IDX2010","Q","1960-Q4",24.73143,
"DEU","CPI","TOT","IDX2010","Q","1961-Q1",24.96453,
"DEU","CPI","TOT","IDX2010","Q","1961-Q2",25.151,
"DEU","CPI","TOT","IDX2010","Q","1961-Q3",25.31417,
"DEU","CPI","TOT","IDX2010","Q","1961-Q4",25.40741,
"DEU","CPI","TOT","IDX2010","Q","1962-Q1",25.80367,
"DEU","CPI","TOT","IDX2010","Q","1962-Q2",25.94353,
"DEU","CPI","TOT","IDX2010","Q","1962-Q3",25.92022,
"DEU","CPI","TOT","IDX2010","Q","1962-Q4",26.03677,
"DEU","CPI","TOT","IDX2010","Q","1963-Q1",26.64281,
"DEU","CPI","TOT","IDX2010","Q","1963-Q2",26.68943,
"DEU","CPI","TOT","IDX2010","Q","1963-Q3",26.54958,
"DEU","CPI","TOT","IDX2010","Q","1963-Q4",26.89922,
"DEU","CPI","TOT","IDX2010","Q","1964-Q1",27.24886,
"DEU","CPI","TOT","IDX2010","Q","1964-Q2",27.24886,
"DEU","CPI","TOT","IDX2010","Q","1964-Q3",27.27217,
"DEU","CPI","TOT","IDX2010","Q","1964-Q4",27.50527,
"DEU","CPI","TOT","IDX2010","Q","1965-Q1",27.80829,
"DEU","CPI","TOT","IDX2010","Q","1965-Q2",28.08801,
"DEU","CPI","TOT","IDX2010","Q","1965-Q3",28.3211,
"DEU","CPI","TOT","IDX2010","Q","1965-Q4",28.60081,
"DEU","CPI","TOT","IDX2010","Q","1966-Q1",28.95046,
"DEU","CPI","TOT","IDX2010","Q","1966-Q2",29.23017,
"DEU","CPI","TOT","IDX2010","Q","1966-Q3",29.18355,
"DEU","CPI","TOT","IDX2010","Q","1966-Q4",29.43996,
"DEU","CPI","TOT","IDX2010","Q","1967-Q1",29.67306,
"DEU","CPI","TOT","IDX2010","Q","1967-Q2",29.76629,
"DEU","CPI","TOT","IDX2010","Q","1967-Q3",29.69636,
"DEU","CPI","TOT","IDX2010","Q","1967-Q4",29.76629,
"DEU","CPI","TOT","IDX2010","Q","1968-Q1",30.11594,
"DEU","CPI","TOT","IDX2010","Q","1968-Q2",30.13925,
"DEU","CPI","TOT","IDX2010","Q","1968-Q3",30.09263,
"DEU","CPI","TOT","IDX2010","Q","1968-Q4",30.30241,
"DEU","CPI","TOT","IDX2010","Q","1969-Q1",30.60544,
"DEU","CPI","TOT","IDX2010","Q","1969-Q2",30.74529,
"DEU","CPI","TOT","IDX2010","Q","1969-Q3",30.72198,
"DEU","CPI","TOT","IDX2010","Q","1969-Q4",30.88515,
"DEU","CPI","TOT","IDX2010","Q","1970-Q1",31.4912,
"DEU","CPI","TOT","IDX2010","Q","1970-Q2",31.77091,
"DEU","CPI","TOT","IDX2010","Q","1970-Q3",31.81753,
"DEU","CPI","TOT","IDX2010","Q","1970-Q4",32.12056,
"DEU","CPI","TOT","IDX2010","Q","1971-Q1",32.88977,
"DEU","CPI","TOT","IDX2010","Q","1971-Q2",33.37927,
"DEU","CPI","TOT","IDX2010","Q","1971-Q3",33.65899,
"DEU","CPI","TOT","IDX2010","Q","1971-Q4",33.9387,
"DEU","CPI","TOT","IDX2010","Q","1972-Q1",34.63799,
"DEU","CPI","TOT","IDX2010","Q","1972-Q2",35.01094,
"DEU","CPI","TOT","IDX2010","Q","1972-Q3",35.50044,
"DEU","CPI","TOT","IDX2010","Q","1972-Q4",36.05987,
"DEU","CPI","TOT","IDX2010","Q","1973-Q1",36.87571,
"DEU","CPI","TOT","IDX2010","Q","1973-Q2",37.5983,
"DEU","CPI","TOT","IDX2010","Q","1973-Q3",37.97125,
"DEU","CPI","TOT","IDX2010","Q","1973-Q4",38.69385,
"DEU","CPI","TOT","IDX2010","Q","1974-Q1",39.62623,
"DEU","CPI","TOT","IDX2010","Q","1974-Q2",40.25559,
"DEU","CPI","TOT","IDX2010","Q","1974-Q3",40.62854,
"DEU","CPI","TOT","IDX2010","Q","1974-Q4",41.18797,
"DEU","CPI","TOT","IDX2010","Q","1975-Q1",41.95719,
"DEU","CPI","TOT","IDX2010","Q","1975-Q2",42.77302,
"DEU","CPI","TOT","IDX2010","Q","1975-Q3",43.09935,
"DEU","CPI","TOT","IDX2010","Q","1975-Q4",43.42569,
"DEU","CPI","TOT","IDX2010","Q","1976-Q1",44.14828,
"DEU","CPI","TOT","IDX2010","Q","1976-Q2",44.61448,
"DEU","CPI","TOT","IDX2010","Q","1976-Q3",44.73102,
"DEU","CPI","TOT","IDX2010","Q","1976-Q4",45.03405,
"DEU","CPI","TOT","IDX2010","Q","1977-Q1",45.82657,
"DEU","CPI","TOT","IDX2010","Q","1977-Q2",46.31607,
"DEU","CPI","TOT","IDX2010","Q","1977-Q3",46.45593,
"DEU","CPI","TOT","IDX2010","Q","1977-Q4",46.59579,
"DEU","CPI","TOT","IDX2010","Q","1978-Q1",47.20184,
"DEU","CPI","TOT","IDX2010","Q","1978-Q2",47.64472,
"DEU","CPI","TOT","IDX2010","Q","1978-Q3",47.62141,
"DEU","CPI","TOT","IDX2010","Q","1978-Q4",47.76126,
"DEU","CPI","TOT","IDX2010","Q","1979-Q1",48.5771,
"DEU","CPI","TOT","IDX2010","Q","1979-Q2",49.20646,
"DEU","CPI","TOT","IDX2010","Q","1979-Q3",49.83582,
"DEU","CPI","TOT","IDX2010","Q","1979-Q4",50.30201,
"DEU","CPI","TOT","IDX2010","Q","1980-Q1",51.2577,
"DEU","CPI","TOT","IDX2010","Q","1980-Q2",52.12015,
"DEU","CPI","TOT","IDX2010","Q","1980-Q3",52.42317,
"DEU","CPI","TOT","IDX2010","Q","1980-Q4",52.88937,
"DEU","CPI","TOT","IDX2010","Q","1981-Q1",54.1947,
"DEU","CPI","TOT","IDX2010","Q","1981-Q2",55.15039,
"DEU","CPI","TOT","IDX2010","Q","1981-Q3",55.91961,
"DEU","CPI","TOT","IDX2010","Q","1981-Q4",56.66551,
"DEU","CPI","TOT","IDX2010","Q","1982-Q1",57.38811,
"DEU","CPI","TOT","IDX2010","Q","1982-Q2",58.1107,
"DEU","CPI","TOT","IDX2010","Q","1982-Q3",58.76337,
"DEU","CPI","TOT","IDX2010","Q","1982-Q4",59.29949,
"DEU","CPI","TOT","IDX2010","Q","1983-Q1",59.71906,
"DEU","CPI","TOT","IDX2010","Q","1983-Q2",60.02209,
"DEU","CPI","TOT","IDX2010","Q","1983-Q3",60.60482,
"DEU","CPI","TOT","IDX2010","Q","1983-Q4",60.90785,
"DEU","CPI","TOT","IDX2010","Q","1984-Q1",61.42066,
"DEU","CPI","TOT","IDX2010","Q","1984-Q2",61.72368,
"DEU","CPI","TOT","IDX2010","Q","1984-Q3",61.74699,
"DEU","CPI","TOT","IDX2010","Q","1984-Q4",62.16656,
"DEU","CPI","TOT","IDX2010","Q","1985-Q1",62.84254,
"DEU","CPI","TOT","IDX2010","Q","1985-Q2",63.14557,
"DEU","CPI","TOT","IDX2010","Q","1985-Q3",63.02902,
"DEU","CPI","TOT","IDX2010","Q","1985-Q4",63.14557,
"DEU","CPI","TOT","IDX2010","Q","1986-Q1",63.30873,
"DEU","CPI","TOT","IDX2010","Q","1986-Q2",63.14557,
"DEU","CPI","TOT","IDX2010","Q","1986-Q3",62.81923,
"DEU","CPI","TOT","IDX2010","Q","1986-Q4",62.56283,
"DEU","CPI","TOT","IDX2010","Q","1987-Q1",62.9824,
"DEU","CPI","TOT","IDX2010","Q","1987-Q2",63.16888,
"DEU","CPI","TOT","IDX2010","Q","1987-Q3",63.14557,
"DEU","CPI","TOT","IDX2010","Q","1987-Q4",63.16888,
"DEU","CPI","TOT","IDX2010","Q","1988-Q1",63.58845,
"DEU","CPI","TOT","IDX2010","Q","1988-Q2",63.89147,
"DEU","CPI","TOT","IDX2010","Q","1988-Q3",63.9614,
"DEU","CPI","TOT","IDX2010","Q","1988-Q4",64.24111,
"DEU","CPI","TOT","IDX2010","Q","1989-Q1",65.12688,
"DEU","CPI","TOT","IDX2010","Q","1989-Q2",65.73293,
"DEU","CPI","TOT","IDX2010","Q","1989-Q3",65.75623,
"DEU","CPI","TOT","IDX2010","Q","1989-Q4",66.1758,
"DEU","CPI","TOT","IDX2010","Q","1990-Q1",66.8984,
"DEU","CPI","TOT","IDX2010","Q","1990-Q2",67.24805,
"DEU","CPI","TOT","IDX2010","Q","1990-Q3",67.55107,
"DEU","CPI","TOT","IDX2010","Q","1990-Q4",68.18043,
"DEU","CPI","TOT","IDX2010","Q","1991-Q1",68.8,
"DEU","CPI","TOT","IDX2010","Q","1991-Q2",69.46667,
"DEU","CPI","TOT","IDX2010","Q","1991-Q3",70.6,
"DEU","CPI","TOT","IDX2010","Q","1991-Q4",71.93333,
"DEU","CPI","TOT","IDX2010","Q","1992-Q1",72.86667,
"DEU","CPI","TOT","IDX2010","Q","1992-Q2",73.7,
"DEU","CPI","TOT","IDX2010","Q","1992-Q3",74.1,
"DEU","CPI","TOT","IDX2010","Q","1992-Q4",74.33334,
"DEU","CPI","TOT","IDX2010","Q","1993-Q1",76.26667,
"DEU","CPI","TOT","IDX2010","Q","1993-Q2",76.93333,
"DEU","CPI","TOT","IDX2010","Q","1993-Q3",77.46667,
"DEU","CPI","TOT","IDX2010","Q","1993-Q4",77.53333,
"DEU","CPI","TOT","IDX2010","Q","1994-Q1",78.53333,
"DEU","CPI","TOT","IDX2010","Q","1994-Q2",79.06667,
"DEU","CPI","TOT","IDX2010","Q","1994-Q3",79.46667,
"DEU","CPI","TOT","IDX2010","Q","1994-Q4",79.43333,
"DEU","CPI","TOT","IDX2010","Q","1995-Q1",80.16666,
"DEU","CPI","TOT","IDX2010","Q","1995-Q2",80.43333,
"DEU","CPI","TOT","IDX2010","Q","1995-Q3",80.7,
"DEU","CPI","TOT","IDX2010","Q","1995-Q4",80.6,
"DEU","CPI","TOT","IDX2010","Q","1996-Q1",81.33334,
"DEU","CPI","TOT","IDX2010","Q","1996-Q2",81.6,
"DEU","CPI","TOT","IDX2010","Q","1996-Q3",81.8,
"DEU","CPI","TOT","IDX2010","Q","1996-Q4",81.83334,
"DEU","CPI","TOT","IDX2010","Q","1997-Q1",82.76667,
"DEU","CPI","TOT","IDX2010","Q","1997-Q2",82.86667,
"DEU","CPI","TOT","IDX2010","Q","1997-Q3",83.7,
"DEU","CPI","TOT","IDX2010","Q","1997-Q4",83.56667,
"DEU","CPI","TOT","IDX2010","Q","1998-Q1",83.8,
"DEU","CPI","TOT","IDX2010","Q","1998-Q2",84,
"DEU","CPI","TOT","IDX2010","Q","1998-Q3",84.2,
"DEU","CPI","TOT","IDX2010","Q","1998-Q4",83.93333,
"DEU","CPI","TOT","IDX2010","Q","1999-Q1",83.96667,
"DEU","CPI","TOT","IDX2010","Q","1999-Q2",84.43333,
"DEU","CPI","TOT","IDX2010","Q","1999-Q3",84.76667,
"DEU","CPI","TOT","IDX2010","Q","1999-Q4",84.73333,
"DEU","CPI","TOT","IDX2010","Q","2000-Q1",85.26667,
"DEU","CPI","TOT","IDX2010","Q","2000-Q2",85.36667,
"DEU","CPI","TOT","IDX2010","Q","2000-Q3",85.93333,
"DEU","CPI","TOT","IDX2010","Q","2000-Q4",86.2,
"DEU","CPI","TOT","IDX2010","Q","2001-Q1",86.73333,
"DEU","CPI","TOT","IDX2010","Q","2001-Q2",87.53333,
"DEU","CPI","TOT","IDX2010","Q","2001-Q3",87.66666,
"DEU","CPI","TOT","IDX2010","Q","2001-Q4",87.63333,
"DEU","CPI","TOT","IDX2010","Q","2002-Q1",88.46667,
"DEU","CPI","TOT","IDX2010","Q","2002-Q2",88.66666,
"DEU","CPI","TOT","IDX2010","Q","2002-Q3",88.73333,
"DEU","CPI","TOT","IDX2010","Q","2002-Q4",88.66666,
"DEU","CPI","TOT","IDX2010","Q","2003-Q1",89.46667,
"DEU","CPI","TOT","IDX2010","Q","2003-Q2",89.36667,
"DEU","CPI","TOT","IDX2010","Q","2003-Q3",89.66666,
"DEU","CPI","TOT","IDX2010","Q","2003-Q4",89.7,
"DEU","CPI","TOT","IDX2010","Q","2004-Q1",90.33334,
"DEU","CPI","TOT","IDX2010","Q","2004-Q2",91.03333,
"DEU","CPI","TOT","IDX2010","Q","2004-Q3",91.3,
"DEU","CPI","TOT","IDX2010","Q","2004-Q4",91.5,
"DEU","CPI","TOT","IDX2010","Q","2005-Q1",91.8,
"DEU","CPI","TOT","IDX2010","Q","2005-Q2",92.16666,
"DEU","CPI","TOT","IDX2010","Q","2005-Q3",92.8,
"DEU","CPI","TOT","IDX2010","Q","2005-Q4",93.03333,
"DEU","CPI","TOT","IDX2010","Q","2006-Q1",93.36667,
"DEU","CPI","TOT","IDX2010","Q","2006-Q2",93.86667,
"DEU","CPI","TOT","IDX2010","Q","2006-Q3",94.16666,
"DEU","CPI","TOT","IDX2010","Q","2006-Q4",94.23333,
"DEU","CPI","TOT","IDX2010","Q","2007-Q1",95.03333,
"DEU","CPI","TOT","IDX2010","Q","2007-Q2",95.8,
"DEU","CPI","TOT","IDX2010","Q","2007-Q3",96.3,
"DEU","CPI","TOT","IDX2010","Q","2007-Q4",97.13333,
"DEU","CPI","TOT","IDX2010","Q","2008-Q1",97.83334,
"DEU","CPI","TOT","IDX2010","Q","2008-Q2",98.56667,
"DEU","CPI","TOT","IDX2010","Q","2008-Q3",99.26667,
"DEU","CPI","TOT","IDX2010","Q","2008-Q4",98.7,
"DEU","CPI","TOT","IDX2010","Q","2009-Q1",98.63333,
"DEU","CPI","TOT","IDX2010","Q","2009-Q2",98.83334,
"DEU","CPI","TOT","IDX2010","Q","2009-Q3",99.03333,
"DEU","CPI","TOT","IDX2010","Q","2009-Q4",99.1,
"DEU","CPI","TOT","IDX2010","Q","2010-Q1",99.43333,
"DEU","CPI","TOT","IDX2010","Q","2010-Q2",99.93333,
"DEU","CPI","TOT","IDX2010","Q","2010-Q3",100.1333,
"DEU","CPI","TOT","IDX2010","Q","2010-Q4",100.4667,
"DEU","CPI","TOT","IDX2010","Q","2011-Q1",101.3,
"DEU","CPI","TOT","IDX2010","Q","2011-Q2",101.9333,
"DEU","CPI","TOT","IDX2010","Q","2011-Q3",102.3333,
"DEU","CPI","TOT","IDX2010","Q","2011-Q4",102.7,
"DEU","CPI","TOT","IDX2010","Q","2012-Q1",103.4667,
"DEU","CPI","TOT","IDX2010","Q","2012-Q2",103.8333,
"DEU","CPI","TOT","IDX2010","Q","2012-Q3",104.4,
"DEU","CPI","TOT","IDX2010","Q","2012-Q4",104.7667,
"DEU","CPI","TOT","IDX2010","Q","2013-Q1",105.0667,
"DEU","CPI","TOT","IDX2010","Q","2013-Q2",105.4,
"DEU","CPI","TOT","IDX2010","Q","2013-Q3",106.1,
"DEU","CPI","TOT","IDX2010","Q","2013-Q4",106.1667,
"DEU","CPI","TOT","IDX2010","Q","2014-Q1",106.3333,
"DEU","CPI","TOT","IDX2010","Q","2014-Q2",106.5333,
"DEU","CPI","TOT","IDX2010","Q","2014-Q3",107,
"DEU","CPI","TOT","IDX2010","Q","2014-Q4",106.7,
"DEU","CPI","TOT","IDX2010","Q","2015-Q1",106.3667,
"DEU","CPI","TOT","IDX2010","Q","2015-Q2",107.0333,
"DEU","CPI","TOT","IDX2010","Q","2015-Q3",107.1333,
"DEU","CPI","TOT","IDX2010","Q","2015-Q4",107.0333,
"DEU","CPI","TOT","IDX2010","Q","2016-Q1",106.6333,
"DEU","CPI","TOT","IDX2010","Q","2016-Q2",107.1333,
"DEU","CPI","TOT","IDX2010","Q","2016-Q3",107.6333,
"DEU","CPI","TOT","IDX2010","Q","2016-Q4",108.2333,
"DEU","CPI","TOT","IDX2010","Q","2017-Q1",108.6333,
"DEU","CPI","TOT","IDX2010","Q","2017-Q2",108.9333,
"DEU","CPI","TOT","IDX2010","Q","2017-Q3",109.5,
"DEU","CPI","TOT","IDX2010","Q","2017-Q4",110.0333,
"DEU","CPI","TOT","IDX2010","Q","2018-Q1",110.2667,
"ITA","CPI","TOT","IDX2010","Q","1955-Q1",3.762973,
"ITA","CPI","TOT","IDX2010","Q","1955-Q2",3.770161,
"ITA","CPI","TOT","IDX2010","Q","1955-Q3",3.778547,
"ITA","CPI","TOT","IDX2010","Q","1955-Q4",3.810893,
"ITA","CPI","TOT","IDX2010","Q","1956-Q1",3.87319,
"ITA","CPI","TOT","IDX2010","Q","1956-Q2",3.917517,
"ITA","CPI","TOT","IDX2010","Q","1956-Q3",3.915121,
"ITA","CPI","TOT","IDX2010","Q","1956-Q4",3.928299,
"ITA","CPI","TOT","IDX2010","Q","1957-Q1",3.947467,
"ITA","CPI","TOT","IDX2010","Q","1957-Q2",3.928299,
"ITA","CPI","TOT","IDX2010","Q","1957-Q3",3.955853,
"ITA","CPI","TOT","IDX2010","Q","1957-Q4",4.008566,
"ITA","CPI","TOT","IDX2010","Q","1958-Q1",4.039715,
"ITA","CPI","TOT","IDX2010","Q","1958-Q2",4.096022,
"ITA","CPI","TOT","IDX2010","Q","1958-Q3",4.098418,
"ITA","CPI","TOT","IDX2010","Q","1958-Q4",4.058883,
"ITA","CPI","TOT","IDX2010","Q","1959-Q1",4.037319,
"ITA","CPI","TOT","IDX2010","Q","1959-Q2",4.032526,
"ITA","CPI","TOT","IDX2010","Q","1959-Q3",4.033725,
"ITA","CPI","TOT","IDX2010","Q","1959-Q4",4.106803,
"ITA","CPI","TOT","IDX2010","Q","1960-Q1",4.136754,
"ITA","CPI","TOT","IDX2010","Q","1960-Q2",4.130764,
"ITA","CPI","TOT","IDX2010","Q","1960-Q3",4.154724,
"ITA","CPI","TOT","IDX2010","Q","1960-Q4",4.169101,
"ITA","CPI","TOT","IDX2010","Q","1961-Q1",4.199051,
"ITA","CPI","TOT","IDX2010","Q","1961-Q2",4.215823,
"ITA","CPI","TOT","IDX2010","Q","1961-Q3",4.237388,
"ITA","CPI","TOT","IDX2010","Q","1961-Q4",4.279318,
"ITA","CPI","TOT","IDX2010","Q","1962-Q1",4.341615,
"ITA","CPI","TOT","IDX2010","Q","1962-Q2",4.407506,
"ITA","CPI","TOT","IDX2010","Q","1962-Q3",4.453031,
"ITA","CPI","TOT","IDX2010","Q","1962-Q4",4.523714,
"ITA","CPI","TOT","IDX2010","Q","1963-Q1",4.67706,
"ITA","CPI","TOT","IDX2010","Q","1963-Q2",4.739357,
"ITA","CPI","TOT","IDX2010","Q","1963-Q3",4.763317,
"ITA","CPI","TOT","IDX2010","Q","1963-Q4",4.867545,
"ITA","CPI","TOT","IDX2010","Q","1964-Q1",4.940624,
"ITA","CPI","TOT","IDX2010","Q","1964-Q2",4.999327,
"ITA","CPI","TOT","IDX2010","Q","1964-Q3",5.080792,
"ITA","CPI","TOT","IDX2010","Q","1964-Q4",5.152673,
"ITA","CPI","TOT","IDX2010","Q","1965-Q1",5.21497,
"ITA","CPI","TOT","IDX2010","Q","1965-Q2",5.24492,
"ITA","CPI","TOT","IDX2010","Q","1965-Q3",5.296435,
"ITA","CPI","TOT","IDX2010","Q","1965-Q4",5.328782,
"ITA","CPI","TOT","IDX2010","Q","1966-Q1",5.364722,
"ITA","CPI","TOT","IDX2010","Q","1966-Q2",5.381494,
"ITA","CPI","TOT","IDX2010","Q","1966-Q3",5.393474,
"ITA","CPI","TOT","IDX2010","Q","1966-Q4",5.440197,
"ITA","CPI","TOT","IDX2010","Q","1967-Q1",5.544233,
"ITA","CPI","TOT","IDX2010","Q","1967-Q2",5.578401,
"ITA","CPI","TOT","IDX2010","Q","1967-Q3",5.621561,
"ITA","CPI","TOT","IDX2010","Q","1967-Q4",5.641342,
"ITA","CPI","TOT","IDX2010","Q","1968-Q1",5.655729,
"ITA","CPI","TOT","IDX2010","Q","1968-Q2",5.671914,
"ITA","CPI","TOT","IDX2010","Q","1968-Q3",5.661124,
"ITA","CPI","TOT","IDX2010","Q","1968-Q4",5.682703,
"ITA","CPI","TOT","IDX2010","Q","1969-Q1",5.727662,
"ITA","CPI","TOT","IDX2010","Q","1969-Q2",5.785208,
"ITA","CPI","TOT","IDX2010","Q","1969-Q3",5.851746,
"ITA","CPI","TOT","IDX2010","Q","1969-Q4",5.909293,
"ITA","CPI","TOT","IDX2010","Q","1970-Q1",6.001007,
"ITA","CPI","TOT","IDX2010","Q","1970-Q2",6.080133,
"ITA","CPI","TOT","IDX2010","Q","1970-Q3",6.12689,
"ITA","CPI","TOT","IDX2010","Q","1970-Q4",6.222201,
"ITA","CPI","TOT","IDX2010","Q","1971-Q1",6.296892,
"ITA","CPI","TOT","IDX2010","Q","1971-Q2",6.366111,
"ITA","CPI","TOT","IDX2010","Q","1971-Q3",6.423115,
"ITA","CPI","TOT","IDX2010","Q","1971-Q4",6.514728,
"ITA","CPI","TOT","IDX2010","Q","1972-Q1",6.596162,
"ITA","CPI","TOT","IDX2010","Q","1972-Q2",6.68574,
"ITA","CPI","TOT","IDX2010","Q","1972-Q3",6.805855,
"ITA","CPI","TOT","IDX2010","Q","1972-Q4",6.98501,
"ITA","CPI","TOT","IDX2010","Q","1973-Q1",7.17638,
"ITA","CPI","TOT","IDX2010","Q","1973-Q2",7.424754,
"ITA","CPI","TOT","IDX2010","Q","1973-Q3",7.595766,
"ITA","CPI","TOT","IDX2010","Q","1973-Q4",7.799351,
"ITA","CPI","TOT","IDX2010","Q","1974-Q1",8.216701,
"ITA","CPI","TOT","IDX2010","Q","1974-Q2",8.642194,
"ITA","CPI","TOT","IDX2010","Q","1974-Q3",9.159301,
"ITA","CPI","TOT","IDX2010","Q","1974-Q4",9.725267,
"ITA","CPI","TOT","IDX2010","Q","1975-Q1",10.06933,
"ITA","CPI","TOT","IDX2010","Q","1975-Q2",10.34417,
"ITA","CPI","TOT","IDX2010","Q","1975-Q3",10.54165,
"ITA","CPI","TOT","IDX2010","Q","1975-Q4",10.84702,
"ITA","CPI","TOT","IDX2010","Q","1976-Q1",11.29898,
"ITA","CPI","TOT","IDX2010","Q","1976-Q2",12.01357,
"ITA","CPI","TOT","IDX2010","Q","1976-Q3",12.34948,
"ITA","CPI","TOT","IDX2010","Q","1976-Q4",13.08521,
"ITA","CPI","TOT","IDX2010","Q","1977-Q1",13.58713,
"ITA","CPI","TOT","IDX2010","Q","1977-Q2",14.10361,
"ITA","CPI","TOT","IDX2010","Q","1977-Q3",14.46149,
"ITA","CPI","TOT","IDX2010","Q","1977-Q4",14.94544,
"ITA","CPI","TOT","IDX2010","Q","1978-Q1",15.33585,
"ITA","CPI","TOT","IDX2010","Q","1978-Q2",15.80759,
"ITA","CPI","TOT","IDX2010","Q","1978-Q3",16.1858,
"ITA","CPI","TOT","IDX2010","Q","1978-Q4",16.67382,
"ITA","CPI","TOT","IDX2010","Q","1979-Q1",17.31637,
"ITA","CPI","TOT","IDX2010","Q","1979-Q2",17.95486,
"ITA","CPI","TOT","IDX2010","Q","1979-Q3",18.58114,
"ITA","CPI","TOT","IDX2010","Q","1979-Q4",19.62224,
"ITA","CPI","TOT","IDX2010","Q","1980-Q1",20.89108,
"ITA","CPI","TOT","IDX2010","Q","1980-Q2",21.7085,
"ITA","CPI","TOT","IDX2010","Q","1980-Q3",22.63166,
"ITA","CPI","TOT","IDX2010","Q","1980-Q4",23.72019,
"ITA","CPI","TOT","IDX2010","Q","1981-Q1",24.72342,
"ITA","CPI","TOT","IDX2010","Q","1981-Q2",25.81449,
"ITA","CPI","TOT","IDX2010","Q","1981-Q3",26.5864,
"ITA","CPI","TOT","IDX2010","Q","1981-Q4",27.81107,
"ITA","CPI","TOT","IDX2010","Q","1982-Q1",28.93182,
"ITA","CPI","TOT","IDX2010","Q","1982-Q2",29.80764,
"ITA","CPI","TOT","IDX2010","Q","1982-Q3",31.03231,
"ITA","CPI","TOT","IDX2010","Q","1982-Q4",32.45737,
"ITA","CPI","TOT","IDX2010","Q","1983-Q1",33.6004,
"ITA","CPI","TOT","IDX2010","Q","1983-Q2",34.57271,
"ITA","CPI","TOT","IDX2010","Q","1983-Q3",35.36689,
"ITA","CPI","TOT","IDX2010","Q","1983-Q4",36.59155,
"ITA","CPI","TOT","IDX2010","Q","1984-Q1",37.66035,
"ITA","CPI","TOT","IDX2010","Q","1984-Q2",38.51391,
"ITA","CPI","TOT","IDX2010","Q","1984-Q3",39.07058,
"ITA","CPI","TOT","IDX2010","Q","1984-Q4",40.0132,
"ITA","CPI","TOT","IDX2010","Q","1985-Q1",41.17649,
"ITA","CPI","TOT","IDX2010","Q","1985-Q2",42.15117,
"ITA","CPI","TOT","IDX2010","Q","1985-Q3",42.64557,
"ITA","CPI","TOT","IDX2010","Q","1985-Q4",43.57786,
"ITA","CPI","TOT","IDX2010","Q","1986-Q1",44.2559,
"ITA","CPI","TOT","IDX2010","Q","1986-Q2",44.70792,
"ITA","CPI","TOT","IDX2010","Q","1986-Q3",44.96218,
"ITA","CPI","TOT","IDX2010","Q","1986-Q4",45.49896,
"ITA","CPI","TOT","IDX2010","Q","1987-Q1",46.14874,
"ITA","CPI","TOT","IDX2010","Q","1987-Q2",46.68552,
"ITA","CPI","TOT","IDX2010","Q","1987-Q3",47.1658,
"ITA","CPI","TOT","IDX2010","Q","1987-Q4",47.94271,
"ITA","CPI","TOT","IDX2010","Q","1988-Q1",48.52187,
"ITA","CPI","TOT","IDX2010","Q","1988-Q2",49.03039,
"ITA","CPI","TOT","IDX2010","Q","1988-Q3",49.51067,
"ITA","CPI","TOT","IDX2010","Q","1988-Q4",50.38646,
"ITA","CPI","TOT","IDX2010","Q","1989-Q1",51.36114,
"ITA","CPI","TOT","IDX2010","Q","1989-Q2",52.19455,
"ITA","CPI","TOT","IDX2010","Q","1989-Q3",52.67483,
"ITA","CPI","TOT","IDX2010","Q","1989-Q4",53.57888,
"ITA","CPI","TOT","IDX2010","Q","1990-Q1",54.68068,
"ITA","CPI","TOT","IDX2010","Q","1990-Q2",55.37284,
"ITA","CPI","TOT","IDX2010","Q","1990-Q3",56.12151,
"ITA","CPI","TOT","IDX2010","Q","1990-Q4",57.18093,
"ITA","CPI","TOT","IDX2010","Q","1991-Q1",58.147,
"ITA","CPI","TOT","IDX2010","Q","1991-Q2",58.98459,
"ITA","CPI","TOT","IDX2010","Q","1991-Q3",59.67327,
"ITA","CPI","TOT","IDX2010","Q","1991-Q4",60.51085,
"ITA","CPI","TOT","IDX2010","Q","1992-Q1",61.46012,
"ITA","CPI","TOT","IDX2010","Q","1992-Q2",62.22325,
"ITA","CPI","TOT","IDX2010","Q","1992-Q3",62.68858,
"ITA","CPI","TOT","IDX2010","Q","1992-Q4",63.45171,
"ITA","CPI","TOT","IDX2010","Q","1993-Q1",64.27068,
"ITA","CPI","TOT","IDX2010","Q","1993-Q2",65.05242,
"ITA","CPI","TOT","IDX2010","Q","1993-Q3",65.70388,
"ITA","CPI","TOT","IDX2010","Q","1993-Q4",66.35533,
"ITA","CPI","TOT","IDX2010","Q","1994-Q1",67.08125,
"ITA","CPI","TOT","IDX2010","Q","1994-Q2",67.69547,
"ITA","CPI","TOT","IDX2010","Q","1994-Q3",68.21664,
"ITA","CPI","TOT","IDX2010","Q","1994-Q4",68.97977,
"ITA","CPI","TOT","IDX2010","Q","1995-Q1",70.00348,
"ITA","CPI","TOT","IDX2010","Q","1995-Q2",71.30639,
"ITA","CPI","TOT","IDX2010","Q","1995-Q3",72.06953,
"ITA","CPI","TOT","IDX2010","Q","1995-Q4",72.83266,
"ITA","CPI","TOT","IDX2010","Q","1996-Q1",73.6271,
"ITA","CPI","TOT","IDX2010","Q","1996-Q2",74.43802,
"ITA","CPI","TOT","IDX2010","Q","1996-Q3",74.62882,
"ITA","CPI","TOT","IDX2010","Q","1996-Q4",74.98659,
"ITA","CPI","TOT","IDX2010","Q","1997-Q1",75.4636,
"ITA","CPI","TOT","IDX2010","Q","1997-Q2",75.84521,
"ITA","CPI","TOT","IDX2010","Q","1997-Q3",75.98831,
"ITA","CPI","TOT","IDX2010","Q","1997-Q4",76.46532,
"ITA","CPI","TOT","IDX2010","Q","1998-Q1",76.99004,
"ITA","CPI","TOT","IDX2010","Q","1998-Q2",77.39551,
"ITA","CPI","TOT","IDX2010","Q","1998-Q3",77.5386,
"ITA","CPI","TOT","IDX2010","Q","1998-Q4",77.77711,
"ITA","CPI","TOT","IDX2010","Q","1999-Q1",78.06332,
"ITA","CPI","TOT","IDX2010","Q","1999-Q2",78.51649,
"ITA","CPI","TOT","IDX2010","Q","1999-Q3",78.87424,
"ITA","CPI","TOT","IDX2010","Q","1999-Q4",79.39896,
"ITA","CPI","TOT","IDX2010","Q","2000-Q1",79.89983,
"ITA","CPI","TOT","IDX2010","Q","2000-Q2",80.47224,
"ITA","CPI","TOT","IDX2010","Q","2000-Q3",80.94926,
"ITA","CPI","TOT","IDX2010","Q","2000-Q4",81.52168,
"ITA","CPI","TOT","IDX2010","Q","2001-Q1",82.21334,
"ITA","CPI","TOT","IDX2010","Q","2001-Q2",82.92886,
"ITA","CPI","TOT","IDX2010","Q","2001-Q3",83.21507,
"ITA","CPI","TOT","IDX2010","Q","2001-Q4",83.47743,
"ITA","CPI","TOT","IDX2010","Q","2002-Q1",84.19296,
"ITA","CPI","TOT","IDX2010","Q","2002-Q2",84.81307,
"ITA","CPI","TOT","IDX2010","Q","2002-Q3",85.21853,
"ITA","CPI","TOT","IDX2010","Q","2002-Q4",85.79095,
"ITA","CPI","TOT","IDX2010","Q","2003-Q1",86.48262,
"ITA","CPI","TOT","IDX2010","Q","2003-Q2",87.10274,
"ITA","CPI","TOT","IDX2010","Q","2003-Q3",87.5559,
"ITA","CPI","TOT","IDX2010","Q","2003-Q4",87.96136,
"ITA","CPI","TOT","IDX2010","Q","2004-Q1",88.46223,
"ITA","CPI","TOT","IDX2010","Q","2004-Q2",89.13004,
"ITA","CPI","TOT","IDX2010","Q","2004-Q3",89.51166,
"ITA","CPI","TOT","IDX2010","Q","2004-Q4",89.70246,
"ITA","CPI","TOT","IDX2010","Q","2005-Q1",90.15562,
"ITA","CPI","TOT","IDX2010","Q","2005-Q2",90.77574,
"ITA","CPI","TOT","IDX2010","Q","2005-Q3",91.32431,
"ITA","CPI","TOT","IDX2010","Q","2005-Q4",91.63437,
"ITA","CPI","TOT","IDX2010","Q","2006-Q1",92.08753,
"ITA","CPI","TOT","IDX2010","Q","2006-Q2",92.80305,
"ITA","CPI","TOT","IDX2010","Q","2006-Q3",93.30392,
"ITA","CPI","TOT","IDX2010","Q","2006-Q4",93.30392,
"ITA","CPI","TOT","IDX2010","Q","2007-Q1",93.68553,
"ITA","CPI","TOT","IDX2010","Q","2007-Q2",94.2818,
"ITA","CPI","TOT","IDX2010","Q","2007-Q3",94.83036,
"ITA","CPI","TOT","IDX2010","Q","2007-Q4",95.49818,
"ITA","CPI","TOT","IDX2010","Q","2008-Q1",96.54762,
"ITA","CPI","TOT","IDX2010","Q","2008-Q2",97.64474,
"ITA","CPI","TOT","IDX2010","Q","2008-Q3",98.59877,
"ITA","CPI","TOT","IDX2010","Q","2008-Q4",98.16946,
"ITA","CPI","TOT","IDX2010","Q","2009-Q1",97.97865,
"ITA","CPI","TOT","IDX2010","Q","2009-Q2",98.47952,
"ITA","CPI","TOT","IDX2010","Q","2009-Q3",98.71803,
"ITA","CPI","TOT","IDX2010","Q","2009-Q4",98.81343,
"ITA","CPI","TOT","IDX2010","Q","2010-Q1",99.24274,
"ITA","CPI","TOT","IDX2010","Q","2010-Q2",99.86286,
"ITA","CPI","TOT","IDX2010","Q","2010-Q3",100.316,
"ITA","CPI","TOT","IDX2010","Q","2010-Q4",100.5784,
"ITA","CPI","TOT","IDX2010","Q","2011-Q1",101.5636,
"ITA","CPI","TOT","IDX2010","Q","2011-Q2",102.5306,
"ITA","CPI","TOT","IDX2010","Q","2011-Q3",103.1307,
"ITA","CPI","TOT","IDX2010","Q","2011-Q4",103.8976,
"ITA","CPI","TOT","IDX2010","Q","2012-Q1",104.8646,
"ITA","CPI","TOT","IDX2010","Q","2012-Q2",105.8982,
"ITA","CPI","TOT","IDX2010","Q","2012-Q3",106.3984,
"ITA","CPI","TOT","IDX2010","Q","2012-Q4",106.4651,
"ITA","CPI","TOT","IDX2010","Q","2013-Q1",106.8652,
"ITA","CPI","TOT","IDX2010","Q","2013-Q2",107.1319,
"ITA","CPI","TOT","IDX2010","Q","2013-Q3",107.5987,
"ITA","CPI","TOT","IDX2010","Q","2013-Q4",107.1986,
"ITA","CPI","TOT","IDX2010","Q","2014-Q1",107.3987,
"ITA","CPI","TOT","IDX2010","Q","2014-Q2",107.5987,
"ITA","CPI","TOT","IDX2010","Q","2014-Q3",107.5321,
"ITA","CPI","TOT","IDX2010","Q","2014-Q4",107.2986,
"ITA","CPI","TOT","IDX2010","Q","2015-Q1",107.1319,
"ITA","CPI","TOT","IDX2010","Q","2015-Q2",107.6654,
"ITA","CPI","TOT","IDX2010","Q","2015-Q3",107.7321,
"ITA","CPI","TOT","IDX2010","Q","2015-Q4",107.4654,
"ITA","CPI","TOT","IDX2010","Q","2016-Q1",107.0302,
"ITA","CPI","TOT","IDX2010","Q","2016-Q2",107.2453,
"ITA","CPI","TOT","IDX2010","Q","2016-Q3",107.7113,
"ITA","CPI","TOT","IDX2010","Q","2016-Q4",107.6037,
"ITA","CPI","TOT","IDX2010","Q","2017-Q1",108.464,
"ITA","CPI","TOT","IDX2010","Q","2017-Q2",108.8583,
"ITA","CPI","TOT","IDX2010","Q","2017-Q3",108.93,
"ITA","CPI","TOT","IDX2010","Q","2017-Q4",108.6074,
"ITA","CPI","TOT","IDX2010","Q","2018-Q1",109.2526,
"JPN","CPI","TOT","IDX2010","Q","1955-Q1",17.6489,
"JPN","CPI","TOT","IDX2010","Q","1955-Q2",17.61728,
"JPN","CPI","TOT","IDX2010","Q","1955-Q3",17.5983,
"JPN","CPI","TOT","IDX2010","Q","1955-Q4",17.49709,
"JPN","CPI","TOT","IDX2010","Q","1956-Q1",17.51606,
"JPN","CPI","TOT","IDX2010","Q","1956-Q2",17.69951,
"JPN","CPI","TOT","IDX2010","Q","1956-Q3",17.66788,
"JPN","CPI","TOT","IDX2010","Q","1956-Q4",17.75644,
"JPN","CPI","TOT","IDX2010","Q","1957-Q1",17.96519,
"JPN","CPI","TOT","IDX2010","Q","1957-Q2",18.18659,
"JPN","CPI","TOT","IDX2010","Q","1957-Q3",18.46493,
"JPN","CPI","TOT","IDX2010","Q","1957-Q4",18.2119,
"JPN","CPI","TOT","IDX2010","Q","1958-Q1",18.0158,
"JPN","CPI","TOT","IDX2010","Q","1958-Q2",18.04743,
"JPN","CPI","TOT","IDX2010","Q","1958-Q3",18.19925,
"JPN","CPI","TOT","IDX2010","Q","1958-Q4",18.21822,
"JPN","CPI","TOT","IDX2010","Q","1959-Q1",18.12966,
"JPN","CPI","TOT","IDX2010","Q","1959-Q2",18.19292,
"JPN","CPI","TOT","IDX2010","Q","1959-Q3",18.38902,
"JPN","CPI","TOT","IDX2010","Q","1959-Q4",18.55349,
"JPN","CPI","TOT","IDX2010","Q","1960-Q1",18.74326,
"JPN","CPI","TOT","IDX2010","Q","1960-Q2",18.91406,
"JPN","CPI","TOT","IDX2010","Q","1960-Q3",19.05322,
"JPN","CPI","TOT","IDX2010","Q","1960-Q4",19.17341,
"JPN","CPI","TOT","IDX2010","Q","1961-Q1",19.50235,
"JPN","CPI","TOT","IDX2010","Q","1961-Q2",19.6352,
"JPN","CPI","TOT","IDX2010","Q","1961-Q3",20.06535,
"JPN","CPI","TOT","IDX2010","Q","1961-Q4",20.75486,
"JPN","CPI","TOT","IDX2010","Q","1962-Q1",21.00789,
"JPN","CPI","TOT","IDX2010","Q","1962-Q2",21.28622,
"JPN","CPI","TOT","IDX2010","Q","1962-Q3",21.45702,
"JPN","CPI","TOT","IDX2010","Q","1962-Q4",21.67209,
"JPN","CPI","TOT","IDX2010","Q","1963-Q1",22.39924,
"JPN","CPI","TOT","IDX2010","Q","1963-Q2",22.77761,
"JPN","CPI","TOT","IDX2010","Q","1963-Q3",22.90373,
"JPN","CPI","TOT","IDX2010","Q","1963-Q4",23.07189,
"JPN","CPI","TOT","IDX2010","Q","1964-Q1",23.14757,
"JPN","CPI","TOT","IDX2010","Q","1964-Q2",23.53434,
"JPN","CPI","TOT","IDX2010","Q","1964-Q3",23.67728,
"JPN","CPI","TOT","IDX2010","Q","1964-Q4",24.25744,
"JPN","CPI","TOT","IDX2010","Q","1965-Q1",24.7367,
"JPN","CPI","TOT","IDX2010","Q","1965-Q2",25.23278,
"JPN","CPI","TOT","IDX2010","Q","1965-Q3",25.22437,
"JPN","CPI","TOT","IDX2010","Q","1965-Q4",25.72045,
"JPN","CPI","TOT","IDX2010","Q","1966-Q1",26.17449,
"JPN","CPI","TOT","IDX2010","Q","1966-Q2",26.51082,
"JPN","CPI","TOT","IDX2010","Q","1966-Q3",26.52763,
"JPN","CPI","TOT","IDX2010","Q","1966-Q4",26.78828,
"JPN","CPI","TOT","IDX2010","Q","1967-Q1",27.29277,
"JPN","CPI","TOT","IDX2010","Q","1967-Q2",27.27596,
"JPN","CPI","TOT","IDX2010","Q","1967-Q3",27.38526,
"JPN","CPI","TOT","IDX2010","Q","1967-Q4",28.27652,
"JPN","CPI","TOT","IDX2010","Q","1968-Q1",28.73056,
"JPN","CPI","TOT","IDX2010","Q","1968-Q2",28.79783,
"JPN","CPI","TOT","IDX2010","Q","1968-Q3",29.01644,
"JPN","CPI","TOT","IDX2010","Q","1968-Q4",29.57137,
"JPN","CPI","TOT","IDX2010","Q","1969-Q1",29.71431,
"JPN","CPI","TOT","IDX2010","Q","1969-Q2",30.25243,
"JPN","CPI","TOT","IDX2010","Q","1969-Q3",30.93349,
"JPN","CPI","TOT","IDX2010","Q","1969-Q4",31.31186,
"JPN","CPI","TOT","IDX2010","Q","1970-Q1",32.0815,
"JPN","CPI","TOT","IDX2010","Q","1970-Q2",32.4959,
"JPN","CPI","TOT","IDX2010","Q","1970-Q3",32.56496,
"JPN","CPI","TOT","IDX2010","Q","1970-Q4",33.5319,
"JPN","CPI","TOT","IDX2010","Q","1971-Q1",34.01537,
"JPN","CPI","TOT","IDX2010","Q","1971-Q2",34.60244,
"JPN","CPI","TOT","IDX2010","Q","1971-Q3",34.9823,
"JPN","CPI","TOT","IDX2010","Q","1971-Q4",35.43124,
"JPN","CPI","TOT","IDX2010","Q","1972-Q1",35.56937,
"JPN","CPI","TOT","IDX2010","Q","1972-Q2",36.36364,
"JPN","CPI","TOT","IDX2010","Q","1972-Q3",36.67444,
"JPN","CPI","TOT","IDX2010","Q","1972-Q4",37.15791,
"JPN","CPI","TOT","IDX2010","Q","1973-Q1",38.22844,
"JPN","CPI","TOT","IDX2010","Q","1973-Q2",40.09324,
"JPN","CPI","TOT","IDX2010","Q","1973-Q3",41.30191,
"JPN","CPI","TOT","IDX2010","Q","1973-Q4",43.06311,
"JPN","CPI","TOT","IDX2010","Q","1974-Q1",47.06898,
"JPN","CPI","TOT","IDX2010","Q","1974-Q2",49.21005,
"JPN","CPI","TOT","IDX2010","Q","1974-Q3",51.00578,
"JPN","CPI","TOT","IDX2010","Q","1974-Q4",53.18139,
"JPN","CPI","TOT","IDX2010","Q","1975-Q1",54.25192,
"JPN","CPI","TOT","IDX2010","Q","1975-Q2",55.73685,
"JPN","CPI","TOT","IDX2010","Q","1975-Q3",56.28939,
"JPN","CPI","TOT","IDX2010","Q","1975-Q4",57.70526,
"JPN","CPI","TOT","IDX2010","Q","1976-Q1",59.08659,
"JPN","CPI","TOT","IDX2010","Q","1976-Q2",60.95139,
"JPN","CPI","TOT","IDX2010","Q","1976-Q3",61.71113,
"JPN","CPI","TOT","IDX2010","Q","1976-Q4",63.2306,
"JPN","CPI","TOT","IDX2010","Q","1977-Q1",64.64646,
"JPN","CPI","TOT","IDX2010","Q","1977-Q2",66.40767,
"JPN","CPI","TOT","IDX2010","Q","1977-Q3",66.61487,
"JPN","CPI","TOT","IDX2010","Q","1977-Q4",67.30553,
"JPN","CPI","TOT","IDX2010","Q","1978-Q1",67.65087,
"JPN","CPI","TOT","IDX2010","Q","1978-Q2",69.06673,
"JPN","CPI","TOT","IDX2010","Q","1978-Q3",69.58474,
"JPN","CPI","TOT","IDX2010","Q","1978-Q4",69.82647,
"JPN","CPI","TOT","IDX2010","Q","1979-Q1",69.68834,
"JPN","CPI","TOT","IDX2010","Q","1979-Q2",71.34594,
"JPN","CPI","TOT","IDX2010","Q","1979-Q3",72.03661,
"JPN","CPI","TOT","IDX2010","Q","1979-Q4",73.27981,
"JPN","CPI","TOT","IDX2010","Q","1980-Q1",74.73021,
"JPN","CPI","TOT","IDX2010","Q","1980-Q2",77.11301,
"JPN","CPI","TOT","IDX2010","Q","1980-Q3",77.90728,
"JPN","CPI","TOT","IDX2010","Q","1980-Q4",78.87421,
"JPN","CPI","TOT","IDX2010","Q","1981-Q1",79.59941,
"JPN","CPI","TOT","IDX2010","Q","1981-Q2",80.91168,
"JPN","CPI","TOT","IDX2010","Q","1981-Q3",81.15341,
"JPN","CPI","TOT","IDX2010","Q","1981-Q4",82.12035,
"JPN","CPI","TOT","IDX2010","Q","1982-Q1",82.12035,
"JPN","CPI","TOT","IDX2010","Q","1982-Q2",82.98368,
"JPN","CPI","TOT","IDX2010","Q","1982-Q3",83.39809,
"JPN","CPI","TOT","IDX2010","Q","1982-Q4",84.15781,
"JPN","CPI","TOT","IDX2010","Q","1983-Q1",83.88155,
"JPN","CPI","TOT","IDX2010","Q","1983-Q2",84.88302,
"JPN","CPI","TOT","IDX2010","Q","1983-Q3",84.64128,
"JPN","CPI","TOT","IDX2010","Q","1983-Q4",85.57368,
"JPN","CPI","TOT","IDX2010","Q","1984-Q1",85.88448,
"JPN","CPI","TOT","IDX2010","Q","1984-Q2",86.60969,
"JPN","CPI","TOT","IDX2010","Q","1984-Q3",86.57515,
"JPN","CPI","TOT","IDX2010","Q","1984-Q4",87.57662,
"JPN","CPI","TOT","IDX2010","Q","1985-Q1",87.71475,
"JPN","CPI","TOT","IDX2010","Q","1985-Q2",88.43996,
"JPN","CPI","TOT","IDX2010","Q","1985-Q3",88.57809,
"JPN","CPI","TOT","IDX2010","Q","1985-Q4",88.95795,
"JPN","CPI","TOT","IDX2010","Q","1986-Q1",89.02702,
"JPN","CPI","TOT","IDX2010","Q","1986-Q2",89.23422,
"JPN","CPI","TOT","IDX2010","Q","1986-Q3",88.78529,
"JPN","CPI","TOT","IDX2010","Q","1986-Q4",88.75076,
"JPN","CPI","TOT","IDX2010","Q","1987-Q1",88.26729,
"JPN","CPI","TOT","IDX2010","Q","1987-Q2",89.37235,
"JPN","CPI","TOT","IDX2010","Q","1987-Q3",89.19969,
"JPN","CPI","TOT","IDX2010","Q","1987-Q4",89.40689,
"JPN","CPI","TOT","IDX2010","Q","1988-Q1",88.95795,
"JPN","CPI","TOT","IDX2010","Q","1988-Q2",89.57956,
"JPN","CPI","TOT","IDX2010","Q","1988-Q3",89.71769,
"JPN","CPI","TOT","IDX2010","Q","1988-Q4",90.40836,
"JPN","CPI","TOT","IDX2010","Q","1989-Q1",89.89036,
"JPN","CPI","TOT","IDX2010","Q","1989-Q2",91.99689,
"JPN","CPI","TOT","IDX2010","Q","1989-Q3",92.16956,
"JPN","CPI","TOT","IDX2010","Q","1989-Q4",92.75662,
"JPN","CPI","TOT","IDX2010","Q","1990-Q1",93.10196,
"JPN","CPI","TOT","IDX2010","Q","1990-Q2",94.34516,
"JPN","CPI","TOT","IDX2010","Q","1990-Q3",94.58689,
"JPN","CPI","TOT","IDX2010","Q","1990-Q4",96.07183,
"JPN","CPI","TOT","IDX2010","Q","1991-Q1",96.5553,
"JPN","CPI","TOT","IDX2010","Q","1991-Q2",97.55676,
"JPN","CPI","TOT","IDX2010","Q","1991-Q3",97.55676,
"JPN","CPI","TOT","IDX2010","Q","1991-Q4",98.7309,
"JPN","CPI","TOT","IDX2010","Q","1992-Q1",98.4201,
"JPN","CPI","TOT","IDX2010","Q","1992-Q2",99.80143,
"JPN","CPI","TOT","IDX2010","Q","1992-Q3",99.31796,
"JPN","CPI","TOT","IDX2010","Q","1992-Q4",99.73237,
"JPN","CPI","TOT","IDX2010","Q","1993-Q1",99.69783,
"JPN","CPI","TOT","IDX2010","Q","1993-Q2",100.6302,
"JPN","CPI","TOT","IDX2010","Q","1993-Q3",101.0792,
"JPN","CPI","TOT","IDX2010","Q","1993-Q4",100.8029,
"JPN","CPI","TOT","IDX2010","Q","1994-Q1",100.941,
"JPN","CPI","TOT","IDX2010","Q","1994-Q2",101.3554,
"JPN","CPI","TOT","IDX2010","Q","1994-Q3",101.0792,
"JPN","CPI","TOT","IDX2010","Q","1994-Q4",101.6317,
"JPN","CPI","TOT","IDX2010","Q","1995-Q1",101.0792,
"JPN","CPI","TOT","IDX2010","Q","1995-Q2",101.3209,
"JPN","CPI","TOT","IDX2010","Q","1995-Q3",101.0792,
"JPN","CPI","TOT","IDX2010","Q","1995-Q4",101.0101,
"JPN","CPI","TOT","IDX2010","Q","1996-Q1",100.7338,
"JPN","CPI","TOT","IDX2010","Q","1996-Q2",101.459,
"JPN","CPI","TOT","IDX2010","Q","1996-Q3",101.2864,
"JPN","CPI","TOT","IDX2010","Q","1996-Q4",101.5626,
"JPN","CPI","TOT","IDX2010","Q","1997-Q1",101.3209,
"JPN","CPI","TOT","IDX2010","Q","1997-Q2",103.531,
"JPN","CPI","TOT","IDX2010","Q","1997-Q3",103.4965,
"JPN","CPI","TOT","IDX2010","Q","1997-Q4",103.7728,
"JPN","CPI","TOT","IDX2010","Q","1998-Q1",103.3584,
"JPN","CPI","TOT","IDX2010","Q","1998-Q2",103.8764,
"JPN","CPI","TOT","IDX2010","Q","1998-Q3",103.2893,
"JPN","CPI","TOT","IDX2010","Q","1998-Q4",104.3253,
"JPN","CPI","TOT","IDX2010","Q","1999-Q1",103.2548,
"JPN","CPI","TOT","IDX2010","Q","1999-Q2",103.6001,
"JPN","CPI","TOT","IDX2010","Q","1999-Q3",103.2893,
"JPN","CPI","TOT","IDX2010","Q","1999-Q4",103.2893,
"JPN","CPI","TOT","IDX2010","Q","2000-Q1",102.6332,
"JPN","CPI","TOT","IDX2010","Q","2000-Q2",102.8749,
"JPN","CPI","TOT","IDX2010","Q","2000-Q3",102.6332,
"JPN","CPI","TOT","IDX2010","Q","2000-Q4",102.495,
"JPN","CPI","TOT","IDX2010","Q","2001-Q1",102.1842,
"JPN","CPI","TOT","IDX2010","Q","2001-Q2",102.1152,
"JPN","CPI","TOT","IDX2010","Q","2001-Q3",101.8389,
"JPN","CPI","TOT","IDX2010","Q","2001-Q4",101.459,
"JPN","CPI","TOT","IDX2010","Q","2002-Q1",100.7338,
"JPN","CPI","TOT","IDX2010","Q","2002-Q2",101.1828,
"JPN","CPI","TOT","IDX2010","Q","2002-Q3",101.0101,
"JPN","CPI","TOT","IDX2010","Q","2002-Q4",100.9065,
"JPN","CPI","TOT","IDX2010","Q","2003-Q1",100.4921,
"JPN","CPI","TOT","IDX2010","Q","2003-Q2",100.941,
"JPN","CPI","TOT","IDX2010","Q","2003-Q3",100.7684,
"JPN","CPI","TOT","IDX2010","Q","2003-Q4",100.5957,
"JPN","CPI","TOT","IDX2010","Q","2004-Q1",100.354,
"JPN","CPI","TOT","IDX2010","Q","2004-Q2",100.6302,
"JPN","CPI","TOT","IDX2010","Q","2004-Q3",100.6648,
"JPN","CPI","TOT","IDX2010","Q","2004-Q4",101.1137,
"JPN","CPI","TOT","IDX2010","Q","2005-Q1",100.3885,
"JPN","CPI","TOT","IDX2010","Q","2005-Q2",100.5266,
"JPN","CPI","TOT","IDX2010","Q","2005-Q3",100.354,
"JPN","CPI","TOT","IDX2010","Q","2005-Q4",100.354,
"JPN","CPI","TOT","IDX2010","Q","2006-Q1",100.2504,
"JPN","CPI","TOT","IDX2010","Q","2006-Q2",100.6993,
"JPN","CPI","TOT","IDX2010","Q","2006-Q3",100.9756,
"JPN","CPI","TOT","IDX2010","Q","2006-Q4",100.6993,
"JPN","CPI","TOT","IDX2010","Q","2007-Q1",100.1468,
"JPN","CPI","TOT","IDX2010","Q","2007-Q2",100.6302,
"JPN","CPI","TOT","IDX2010","Q","2007-Q3",100.8374,
"JPN","CPI","TOT","IDX2010","Q","2007-Q4",101.2518,
"JPN","CPI","TOT","IDX2010","Q","2008-Q1",101.1482,
"JPN","CPI","TOT","IDX2010","Q","2008-Q2",102.0116,
"JPN","CPI","TOT","IDX2010","Q","2008-Q3",102.9785,
"JPN","CPI","TOT","IDX2010","Q","2008-Q4",102.2878,
"JPN","CPI","TOT","IDX2010","Q","2009-Q1",101.0101,
"JPN","CPI","TOT","IDX2010","Q","2009-Q2",101.0101,
"JPN","CPI","TOT","IDX2010","Q","2009-Q3",100.6993,
"JPN","CPI","TOT","IDX2010","Q","2009-Q4",100.1813,
"JPN","CPI","TOT","IDX2010","Q","2010-Q1",100.1468,
"JPN","CPI","TOT","IDX2010","Q","2010-Q2",100.2504,
"JPN","CPI","TOT","IDX2010","Q","2010-Q3",99.69783,
"JPN","CPI","TOT","IDX2010","Q","2010-Q4",99.90504,
"JPN","CPI","TOT","IDX2010","Q","2011-Q1",99.62877,
"JPN","CPI","TOT","IDX2010","Q","2011-Q2",99.8705,
"JPN","CPI","TOT","IDX2010","Q","2011-Q3",99.83597,
"JPN","CPI","TOT","IDX2010","Q","2011-Q4",99.59423,
"JPN","CPI","TOT","IDX2010","Q","2012-Q1",99.93957,
"JPN","CPI","TOT","IDX2010","Q","2012-Q2",100.0086,
"JPN","CPI","TOT","IDX2010","Q","2012-Q3",99.42157,
"JPN","CPI","TOT","IDX2010","Q","2012-Q4",99.3525,
"JPN","CPI","TOT","IDX2010","Q","2013-Q1",99.28343,
"JPN","CPI","TOT","IDX2010","Q","2013-Q2",99.73237,
"JPN","CPI","TOT","IDX2010","Q","2013-Q3",100.2849,
"JPN","CPI","TOT","IDX2010","Q","2013-Q4",100.8029,
"JPN","CPI","TOT","IDX2010","Q","2014-Q1",100.8029,
"JPN","CPI","TOT","IDX2010","Q","2014-Q2",103.3238,
"JPN","CPI","TOT","IDX2010","Q","2014-Q3",103.6692,
"JPN","CPI","TOT","IDX2010","Q","2014-Q4",103.3584,
"JPN","CPI","TOT","IDX2010","Q","2015-Q1",103.1512,
"JPN","CPI","TOT","IDX2010","Q","2015-Q2",103.8764,
"JPN","CPI","TOT","IDX2010","Q","2015-Q3",103.8073,
"JPN","CPI","TOT","IDX2010","Q","2015-Q4",103.5656,
"JPN","CPI","TOT","IDX2010","Q","2016-Q1",103.1857,
"JPN","CPI","TOT","IDX2010","Q","2016-Q2",103.531,
"JPN","CPI","TOT","IDX2010","Q","2016-Q3",103.2893,
"JPN","CPI","TOT","IDX2010","Q","2016-Q4",103.9109,
"JPN","CPI","TOT","IDX2010","Q","2017-Q1",103.4965,
"JPN","CPI","TOT","IDX2010","Q","2017-Q2",103.9109,
"JPN","CPI","TOT","IDX2010","Q","2017-Q3",103.9109,
"JPN","CPI","TOT","IDX2010","Q","2017-Q4",104.5325,
"JPN","CPI","TOT","IDX2010","Q","2018-Q1",104.8433,
"GBR","CPI","TOT","IDX2010","Q","1955-Q1",5.659936,
"GBR","CPI","TOT","IDX2010","Q","1955-Q2",5.723281,
"GBR","CPI","TOT","IDX2010","Q","1955-Q3",5.803746,
"GBR","CPI","TOT","IDX2010","Q","1955-Q4",5.937284,
"GBR","CPI","TOT","IDX2010","Q","1956-Q1",5.973328,
"GBR","CPI","TOT","IDX2010","Q","1956-Q2",6.098227,
"GBR","CPI","TOT","IDX2010","Q","1956-Q3",6.074437,
"GBR","CPI","TOT","IDX2010","Q","1956-Q4",6.129947,
"GBR","CPI","TOT","IDX2010","Q","1957-Q1",6.201318,
"GBR","CPI","TOT","IDX2010","Q","1957-Q2",6.240968,
"GBR","CPI","TOT","IDX2010","Q","1957-Q3",6.326216,
"GBR","CPI","TOT","IDX2010","Q","1957-Q4",6.403534,
"GBR","CPI","TOT","IDX2010","Q","1958-Q1",6.425343,
"GBR","CPI","TOT","IDX2010","Q","1958-Q2",6.522486,
"GBR","CPI","TOT","IDX2010","Q","1958-Q3",6.44715,
"GBR","CPI","TOT","IDX2010","Q","1958-Q4",6.530416,
"GBR","CPI","TOT","IDX2010","Q","1959-Q1",6.562136,
"GBR","CPI","TOT","IDX2010","Q","1959-Q2",6.500678,
"GBR","CPI","TOT","IDX2010","Q","1959-Q3",6.482835,
"GBR","CPI","TOT","IDX2010","Q","1959-Q4",6.530416,
"GBR","CPI","TOT","IDX2010","Q","1960-Q1",6.532398,
"GBR","CPI","TOT","IDX2010","Q","1960-Q2",6.572049,
"GBR","CPI","TOT","IDX2010","Q","1960-Q3",6.581961,
"GBR","CPI","TOT","IDX2010","Q","1960-Q4",6.65135,
"GBR","CPI","TOT","IDX2010","Q","1961-Q1",6.687035,
"GBR","CPI","TOT","IDX2010","Q","1961-Q2",6.7703,
"GBR","CPI","TOT","IDX2010","Q","1961-Q3",6.855549,
"GBR","CPI","TOT","IDX2010","Q","1961-Q4",6.932867,
"GBR","CPI","TOT","IDX2010","Q","1962-Q1",7.002354,
"GBR","CPI","TOT","IDX2010","Q","1962-Q2",7.15144,
"GBR","CPI","TOT","IDX2010","Q","1962-Q3",7.118827,
"GBR","CPI","TOT","IDX2010","Q","1962-Q4",7.116498,
"GBR","CPI","TOT","IDX2010","Q","1963-Q1",7.221323,
"GBR","CPI","TOT","IDX2010","Q","1963-Q2",7.263254,
"GBR","CPI","TOT","IDX2010","Q","1963-Q3",7.212006,
"GBR","CPI","TOT","IDX2010","Q","1963-Q4",7.265583,
"GBR","CPI","TOT","IDX2010","Q","1964-Q1",7.330808,
"GBR","CPI","TOT","IDX2010","Q","1964-Q2",7.465917,
"GBR","CPI","TOT","IDX2010","Q","1964-Q3",7.524153,
"GBR","CPI","TOT","IDX2010","Q","1964-Q4",7.591708,
"GBR","CPI","TOT","IDX2010","Q","1965-Q1",7.661592,
"GBR","CPI","TOT","IDX2010","Q","1965-Q2",7.852607,
"GBR","CPI","TOT","IDX2010","Q","1965-Q3",7.887549,
"GBR","CPI","TOT","IDX2010","Q","1965-Q4",7.938797,
"GBR","CPI","TOT","IDX2010","Q","1966-Q1",7.997034,
"GBR","CPI","TOT","IDX2010","Q","1966-Q2",8.150778,
"GBR","CPI","TOT","IDX2010","Q","1966-Q3",8.176402,
"GBR","CPI","TOT","IDX2010","Q","1966-Q4",8.241627,
"GBR","CPI","TOT","IDX2010","Q","1967-Q1",8.285887,
"GBR","CPI","TOT","IDX2010","Q","1967-Q2",8.3581,
"GBR","CPI","TOT","IDX2010","Q","1967-Q3",8.31384,
"GBR","CPI","TOT","IDX2010","Q","1967-Q4",8.416336,
"GBR","CPI","TOT","IDX2010","Q","1968-Q1",8.535138,
"GBR","CPI","TOT","IDX2010","Q","1968-Q2",8.737802,
"GBR","CPI","TOT","IDX2010","Q","1968-Q3",8.782062,
"GBR","CPI","TOT","IDX2010","Q","1968-Q4",8.886887,
"GBR","CPI","TOT","IDX2010","Q","1969-Q1",9.066256,
"GBR","CPI","TOT","IDX2010","Q","1969-Q2",9.208352,
"GBR","CPI","TOT","IDX2010","Q","1969-Q3",9.226988,
"GBR","CPI","TOT","IDX2010","Q","1969-Q4",9.343461,
"GBR","CPI","TOT","IDX2010","Q","1970-Q1",9.5205,
"GBR","CPI","TOT","IDX2010","Q","1970-Q2",9.748787,
"GBR","CPI","TOT","IDX2010","Q","1970-Q3",9.858272,
"GBR","CPI","TOT","IDX2010","Q","1970-Q4",10.06326,
"GBR","CPI","TOT","IDX2010","Q","1971-Q1",10.33814,
"GBR","CPI","TOT","IDX2010","Q","1971-Q2",10.70852,
"GBR","CPI","TOT","IDX2010","Q","1971-Q3",10.85528,
"GBR","CPI","TOT","IDX2010","Q","1971-Q4",10.99039,
"GBR","CPI","TOT","IDX2010","Q","1972-Q1",11.16044,
"GBR","CPI","TOT","IDX2010","Q","1972-Q2",11.37009,
"GBR","CPI","TOT","IDX2010","Q","1972-Q3",11.55645,
"GBR","CPI","TOT","IDX2010","Q","1972-Q4",11.83831,
"GBR","CPI","TOT","IDX2010","Q","1973-Q1",12.04563,
"GBR","CPI","TOT","IDX2010","Q","1973-Q2",12.42999,
"GBR","CPI","TOT","IDX2010","Q","1973-Q3",12.61868,
"GBR","CPI","TOT","IDX2010","Q","1973-Q4",13.05429,
"GBR","CPI","TOT","IDX2010","Q","1974-Q1",13.59583,
"GBR","CPI","TOT","IDX2010","Q","1974-Q2",14.40452,
"GBR","CPI","TOT","IDX2010","Q","1974-Q3",14.76642,
"GBR","CPI","TOT","IDX2010","Q","1974-Q4",15.42767,
"GBR","CPI","TOT","IDX2010","Q","1975-Q1",16.35699,
"GBR","CPI","TOT","IDX2010","Q","1975-Q2",17.90289,
"GBR","CPI","TOT","IDX2010","Q","1975-Q3",18.68924,
"GBR","CPI","TOT","IDX2010","Q","1975-Q4",19.33261,
"GBR","CPI","TOT","IDX2010","Q","1976-Q1",20.02961,
"GBR","CPI","TOT","IDX2010","Q","1976-Q2",20.76234,
"GBR","CPI","TOT","IDX2010","Q","1976-Q3",21.24041,
"GBR","CPI","TOT","IDX2010","Q","1976-Q4",22.21888,
"GBR","CPI","TOT","IDX2010","Q","1977-Q1",23.33586,
"GBR","CPI","TOT","IDX2010","Q","1977-Q2",24.37688,
"GBR","CPI","TOT","IDX2010","Q","1977-Q3",24.76112,
"GBR","CPI","TOT","IDX2010","Q","1977-Q4",25.12302,
"GBR","CPI","TOT","IDX2010","Q","1978-Q1",25.55194,
"GBR","CPI","TOT","IDX2010","Q","1978-Q2",26.24893,
"GBR","CPI","TOT","IDX2010","Q","1978-Q3",26.70465,
"GBR","CPI","TOT","IDX2010","Q","1978-Q4",27.15591,
"GBR","CPI","TOT","IDX2010","Q","1979-Q1",28.00035,
"GBR","CPI","TOT","IDX2010","Q","1979-Q2",29.02796,
"GBR","CPI","TOT","IDX2010","Q","1979-Q3",30.9715,
"GBR","CPI","TOT","IDX2010","Q","1979-Q4",31.84274,
"GBR","CPI","TOT","IDX2010","Q","1980-Q1",33.34396,
"GBR","CPI","TOT","IDX2010","Q","1980-Q2",35.28303,
"GBR","CPI","TOT","IDX2010","Q","1980-Q3",36.03811,
"GBR","CPI","TOT","IDX2010","Q","1980-Q4",36.70829,
"GBR","CPI","TOT","IDX2010","Q","1981-Q1",37.57953,
"GBR","CPI","TOT","IDX2010","Q","1981-Q2",39.41137,
"GBR","CPI","TOT","IDX2010","Q","1981-Q3",40.09496,
"GBR","CPI","TOT","IDX2010","Q","1981-Q4",41.0779,
"GBR","CPI","TOT","IDX2010","Q","1982-Q1",41.76149,
"GBR","CPI","TOT","IDX2010","Q","1982-Q2",43.09739,
"GBR","CPI","TOT","IDX2010","Q","1982-Q3",43.29398,
"GBR","CPI","TOT","IDX2010","Q","1982-Q4",43.6112,
"GBR","CPI","TOT","IDX2010","Q","1983-Q1",43.83459,
"GBR","CPI","TOT","IDX2010","Q","1983-Q2",44.72818,
"GBR","CPI","TOT","IDX2010","Q","1983-Q3",45.30453,
"GBR","CPI","TOT","IDX2010","Q","1983-Q4",45.81387,
"GBR","CPI","TOT","IDX2010","Q","1984-Q1",46.09535,
"GBR","CPI","TOT","IDX2010","Q","1984-Q2",47.02914,
"GBR","CPI","TOT","IDX2010","Q","1984-Q3",47.44019,
"GBR","CPI","TOT","IDX2010","Q","1984-Q4",48.02995,
"GBR","CPI","TOT","IDX2010","Q","1985-Q1",48.63195,
"GBR","CPI","TOT","IDX2010","Q","1985-Q2",50.30649,
"GBR","CPI","TOT","IDX2010","Q","1985-Q3",50.42987,
"GBR","CPI","TOT","IDX2010","Q","1985-Q4",50.67665,
"GBR","CPI","TOT","IDX2010","Q","1986-Q1",51.02918,
"GBR","CPI","TOT","IDX2010","Q","1986-Q2",51.69899,
"GBR","CPI","TOT","IDX2010","Q","1986-Q3",51.75187,
"GBR","CPI","TOT","IDX2010","Q","1986-Q4",52.42169,
"GBR","CPI","TOT","IDX2010","Q","1987-Q1",53.05625,
"GBR","CPI","TOT","IDX2010","Q","1987-Q2",53.86707,
"GBR","CPI","TOT","IDX2010","Q","1987-Q3",53.99046,
"GBR","CPI","TOT","IDX2010","Q","1987-Q4",54.57214,
"GBR","CPI","TOT","IDX2010","Q","1988-Q1",54.7755,
"GBR","CPI","TOT","IDX2010","Q","1988-Q2",55.8665,
"GBR","CPI","TOT","IDX2010","Q","1988-Q3",56.31794,
"GBR","CPI","TOT","IDX2010","Q","1988-Q4",56.95749,
"GBR","CPI","TOT","IDX2010","Q","1989-Q1",57.44656,
"GBR","CPI","TOT","IDX2010","Q","1989-Q2",58.76328,
"GBR","CPI","TOT","IDX2010","Q","1989-Q3",59.1771,
"GBR","CPI","TOT","IDX2010","Q","1989-Q4",60.11762,
"GBR","CPI","TOT","IDX2010","Q","1990-Q1",60.83241,
"GBR","CPI","TOT","IDX2010","Q","1990-Q2",62.75106,
"GBR","CPI","TOT","IDX2010","Q","1990-Q3",63.65395,
"GBR","CPI","TOT","IDX2010","Q","1990-Q4",64.82018,
"GBR","CPI","TOT","IDX2010","Q","1991-Q1",65.08353,
"GBR","CPI","TOT","IDX2010","Q","1991-Q2",68.01793,
"GBR","CPI","TOT","IDX2010","Q","1991-Q3",68.507,
"GBR","CPI","TOT","IDX2010","Q","1991-Q4",69.37227,
"GBR","CPI","TOT","IDX2010","Q","1992-Q1",69.63561,
"GBR","CPI","TOT","IDX2010","Q","1992-Q2",70.91471,
"GBR","CPI","TOT","IDX2010","Q","1992-Q3",70.76423,
"GBR","CPI","TOT","IDX2010","Q","1992-Q4",71.2533,
"GBR","CPI","TOT","IDX2010","Q","1993-Q1",71.29092,
"GBR","CPI","TOT","IDX2010","Q","1993-Q2",72.64526,
"GBR","CPI","TOT","IDX2010","Q","1993-Q3",72.79574,
"GBR","CPI","TOT","IDX2010","Q","1993-Q4",72.94622,
"GBR","CPI","TOT","IDX2010","Q","1994-Q1",72.98384,
"GBR","CPI","TOT","IDX2010","Q","1994-Q2",74.07484,
"GBR","CPI","TOT","IDX2010","Q","1994-Q3",74.03722,
"GBR","CPI","TOT","IDX2010","Q","1994-Q4",74.22532,
"GBR","CPI","TOT","IDX2010","Q","1995-Q1",74.82725,
"GBR","CPI","TOT","IDX2010","Q","1995-Q2",75.91824,
"GBR","CPI","TOT","IDX2010","Q","1995-Q3",76.03111,
"GBR","CPI","TOT","IDX2010","Q","1995-Q4",76.44493,
"GBR","CPI","TOT","IDX2010","Q","1996-Q1",76.85876,
"GBR","CPI","TOT","IDX2010","Q","1996-Q2",77.72403,
"GBR","CPI","TOT","IDX2010","Q","1996-Q3",77.79927,
"GBR","CPI","TOT","IDX2010","Q","1996-Q4",78.28834,
"GBR","CPI","TOT","IDX2010","Q","1997-Q1",78.28834,
"GBR","CPI","TOT","IDX2010","Q","1997-Q2",79.00313,
"GBR","CPI","TOT","IDX2010","Q","1997-Q3",79.30409,
"GBR","CPI","TOT","IDX2010","Q","1997-Q4",79.71792,
"GBR","CPI","TOT","IDX2010","Q","1998-Q1",79.56744,
"GBR","CPI","TOT","IDX2010","Q","1998-Q2",80.43271,
"GBR","CPI","TOT","IDX2010","Q","1998-Q3",80.39509,
"GBR","CPI","TOT","IDX2010","Q","1998-Q4",80.84653,
"GBR","CPI","TOT","IDX2010","Q","1999-Q1",80.80891,
"GBR","CPI","TOT","IDX2010","Q","1999-Q2",81.59895,
"GBR","CPI","TOT","IDX2010","Q","1999-Q3",81.41084,
"GBR","CPI","TOT","IDX2010","Q","1999-Q4",81.74943,
"GBR","CPI","TOT","IDX2010","Q","2000-Q1",81.41084,
"GBR","CPI","TOT","IDX2010","Q","2000-Q2",82.12563,
"GBR","CPI","TOT","IDX2010","Q","2000-Q3",82.05039,
"GBR","CPI","TOT","IDX2010","Q","2000-Q4",82.57708,
"GBR","CPI","TOT","IDX2010","Q","2001-Q1",82.12563,
"GBR","CPI","TOT","IDX2010","Q","2001-Q2",83.32949,
"GBR","CPI","TOT","IDX2010","Q","2001-Q3",83.36711,
"GBR","CPI","TOT","IDX2010","Q","2001-Q4",83.40473,
"GBR","CPI","TOT","IDX2010","Q","2002-Q1",83.36711,
"GBR","CPI","TOT","IDX2010","Q","2002-Q2",84.11952,
"GBR","CPI","TOT","IDX2010","Q","2002-Q3",84.19476,
"GBR","CPI","TOT","IDX2010","Q","2002-Q4",84.64621,
"GBR","CPI","TOT","IDX2010","Q","2003-Q1",84.64621,
"GBR","CPI","TOT","IDX2010","Q","2003-Q2",85.1729,
"GBR","CPI","TOT","IDX2010","Q","2003-Q3",85.32338,
"GBR","CPI","TOT","IDX2010","Q","2003-Q4",85.81245,
"GBR","CPI","TOT","IDX2010","Q","2004-Q1",85.73721,
"GBR","CPI","TOT","IDX2010","Q","2004-Q2",86.37675,
"GBR","CPI","TOT","IDX2010","Q","2004-Q3",86.41438,
"GBR","CPI","TOT","IDX2010","Q","2004-Q4",87.0163,
"GBR","CPI","TOT","IDX2010","Q","2005-Q1",87.12542,"B"
"GBR","CPI","TOT","IDX2010","Q","2005-Q2",88.01332,
"GBR","CPI","TOT","IDX2010","Q","2005-Q3",88.45727,
"GBR","CPI","TOT","IDX2010","Q","2005-Q4",88.90122,
"GBR","CPI","TOT","IDX2010","Q","2006-Q1",89.01221,
"GBR","CPI","TOT","IDX2010","Q","2006-Q2",90.12209,
"GBR","CPI","TOT","IDX2010","Q","2006-Q3",90.67702,
"GBR","CPI","TOT","IDX2010","Q","2006-Q4",91.34295,
"GBR","CPI","TOT","IDX2010","Q","2007-Q1",91.45394,
"GBR","CPI","TOT","IDX2010","Q","2007-Q2",92.45283,
"GBR","CPI","TOT","IDX2010","Q","2007-Q3",92.45283,
"GBR","CPI","TOT","IDX2010","Q","2007-Q4",93.34073,
"GBR","CPI","TOT","IDX2010","Q","2008-Q1",93.78468,
"GBR","CPI","TOT","IDX2010","Q","2008-Q2",95.56049,
"GBR","CPI","TOT","IDX2010","Q","2008-Q3",96.67036,
"GBR","CPI","TOT","IDX2010","Q","2008-Q4",96.78136,
"GBR","CPI","TOT","IDX2010","Q","2009-Q1",96.55938,
"GBR","CPI","TOT","IDX2010","Q","2009-Q2",97.44728,
"GBR","CPI","TOT","IDX2010","Q","2009-Q3",97.89124,
"GBR","CPI","TOT","IDX2010","Q","2009-Q4",98.33518,
"GBR","CPI","TOT","IDX2010","Q","2010-Q1",98.89012,
"GBR","CPI","TOT","IDX2010","Q","2010-Q2",99.88902,
"GBR","CPI","TOT","IDX2010","Q","2010-Q3",100.222,
"GBR","CPI","TOT","IDX2010","Q","2010-Q4",101.1099,
"GBR","CPI","TOT","IDX2010","Q","2011-Q1",102.3307,
"GBR","CPI","TOT","IDX2010","Q","2011-Q2",103.6626,
"GBR","CPI","TOT","IDX2010","Q","2011-Q3",104.2175,
"GBR","CPI","TOT","IDX2010","Q","2011-Q4",105.1054,
"GBR","CPI","TOT","IDX2010","Q","2012-Q1",105.5494,
"GBR","CPI","TOT","IDX2010","Q","2012-Q2",106.3263,
"GBR","CPI","TOT","IDX2010","Q","2012-Q3",106.6593,
"GBR","CPI","TOT","IDX2010","Q","2012-Q4",107.6582,
"GBR","CPI","TOT","IDX2010","Q","2013-Q1",108.1021,
"GBR","CPI","TOT","IDX2010","Q","2013-Q2",108.879,
"GBR","CPI","TOT","IDX2010","Q","2013-Q3",109.212,
"GBR","CPI","TOT","IDX2010","Q","2013-Q4",109.7669,
"GBR","CPI","TOT","IDX2010","Q","2014-Q1",109.8779,
"GBR","CPI","TOT","IDX2010","Q","2014-Q2",110.6548,
"GBR","CPI","TOT","IDX2010","Q","2014-Q3",110.7658,
"GBR","CPI","TOT","IDX2010","Q","2014-Q4",110.9878,
"GBR","CPI","TOT","IDX2010","Q","2015-Q1",110.3219,
"GBR","CPI","TOT","IDX2010","Q","2015-Q2",110.9878,
"GBR","CPI","TOT","IDX2010","Q","2015-Q3",111.2098,
"GBR","CPI","TOT","IDX2010","Q","2015-Q4",111.4317,
"GBR","CPI","TOT","IDX2010","Q","2016-Q1",111.0988,
"GBR","CPI","TOT","IDX2010","Q","2016-Q2",111.8757,
"GBR","CPI","TOT","IDX2010","Q","2016-Q3",112.3196,
"GBR","CPI","TOT","IDX2010","Q","2016-Q4",113.0966,
"GBR","CPI","TOT","IDX2010","Q","2017-Q1",113.5405,
"GBR","CPI","TOT","IDX2010","Q","2017-Q2",114.7614,
"GBR","CPI","TOT","IDX2010","Q","2017-Q3",115.3163,
"GBR","CPI","TOT","IDX2010","Q","2017-Q4",116.2042,
"GBR","CPI","TOT","IDX2010","Q","2018-Q1",116.3152,
"USA","CPI","TOT","IDX2010","Q","1955-Q1",12.24459,
"USA","CPI","TOT","IDX2010","Q","1955-Q2",12.24459,
"USA","CPI","TOT","IDX2010","Q","1955-Q3",12.30574,
"USA","CPI","TOT","IDX2010","Q","1955-Q4",12.32102,
"USA","CPI","TOT","IDX2010","Q","1956-Q1",12.29045,
"USA","CPI","TOT","IDX2010","Q","1956-Q2",12.39746,
"USA","CPI","TOT","IDX2010","Q","1956-Q3",12.55032,
"USA","CPI","TOT","IDX2010","Q","1956-Q4",12.62675,
"USA","CPI","TOT","IDX2010","Q","1957-Q1",12.70319,
"USA","CPI","TOT","IDX2010","Q","1957-Q2",12.84077,
"USA","CPI","TOT","IDX2010","Q","1957-Q3",12.97835,
"USA","CPI","TOT","IDX2010","Q","1957-Q4",13.00892,
"USA","CPI","TOT","IDX2010","Q","1958-Q1",13.1465,
"USA","CPI","TOT","IDX2010","Q","1958-Q2",13.25351,
"USA","CPI","TOT","IDX2010","Q","1958-Q3",13.26879,
"USA","CPI","TOT","IDX2010","Q","1958-Q4",13.26879,
"USA","CPI","TOT","IDX2010","Q","1959-Q1",13.26879,
"USA","CPI","TOT","IDX2010","Q","1959-Q2",13.31465,
"USA","CPI","TOT","IDX2010","Q","1959-Q3",13.40637,
"USA","CPI","TOT","IDX2010","Q","1959-Q4",13.48281,
"USA","CPI","TOT","IDX2010","Q","1960-Q1",13.46752,
"USA","CPI","TOT","IDX2010","Q","1960-Q2",13.54395,
"USA","CPI","TOT","IDX2010","Q","1960-Q3",13.57453,
"USA","CPI","TOT","IDX2010","Q","1960-Q4",13.66625,
"USA","CPI","TOT","IDX2010","Q","1961-Q1",13.66625,
"USA","CPI","TOT","IDX2010","Q","1961-Q2",13.66625,
"USA","CPI","TOT","IDX2010","Q","1961-Q3",13.74268,
"USA","CPI","TOT","IDX2010","Q","1961-Q4",13.75797,
"USA","CPI","TOT","IDX2010","Q","1962-Q1",13.78854,
"USA","CPI","TOT","IDX2010","Q","1962-Q2",13.84968,
"USA","CPI","TOT","IDX2010","Q","1962-Q3",13.91083,
"USA","CPI","TOT","IDX2010","Q","1962-Q4",13.94141,
"USA","CPI","TOT","IDX2010","Q","1963-Q1",13.95669,
"USA","CPI","TOT","IDX2010","Q","1963-Q2",14.00255,
"USA","CPI","TOT","IDX2010","Q","1963-Q3",14.07898,
"USA","CPI","TOT","IDX2010","Q","1963-Q4",14.14013,
"USA","CPI","TOT","IDX2010","Q","1964-Q1",14.1707,
"USA","CPI","TOT","IDX2010","Q","1964-Q2",14.18599,
"USA","CPI","TOT","IDX2010","Q","1964-Q3",14.24714,
"USA","CPI","TOT","IDX2010","Q","1964-Q4",14.293,
"USA","CPI","TOT","IDX2010","Q","1965-Q1",14.32357,
"USA","CPI","TOT","IDX2010","Q","1965-Q2",14.43058,
"USA","CPI","TOT","IDX2010","Q","1965-Q3",14.49172,
"USA","CPI","TOT","IDX2010","Q","1965-Q4",14.55287,
"USA","CPI","TOT","IDX2010","Q","1966-Q1",14.65988,
"USA","CPI","TOT","IDX2010","Q","1966-Q2",14.82803,
"USA","CPI","TOT","IDX2010","Q","1966-Q3",14.96561,
"USA","CPI","TOT","IDX2010","Q","1966-Q4",15.0879,
"USA","CPI","TOT","IDX2010","Q","1967-Q1",15.10319,
"USA","CPI","TOT","IDX2010","Q","1967-Q2",15.22548,
"USA","CPI","TOT","IDX2010","Q","1967-Q3",15.36306,
"USA","CPI","TOT","IDX2010","Q","1967-Q4",15.50064,
"USA","CPI","TOT","IDX2010","Q","1968-Q1",15.68408,
"USA","CPI","TOT","IDX2010","Q","1968-Q2",15.83695,
"USA","CPI","TOT","IDX2010","Q","1968-Q3",16.05096,
"USA","CPI","TOT","IDX2010","Q","1968-Q4",16.2344,
"USA","CPI","TOT","IDX2010","Q","1969-Q1",16.43312,
"USA","CPI","TOT","IDX2010","Q","1969-Q2",16.70828,
"USA","CPI","TOT","IDX2010","Q","1969-Q3",16.95287,
"USA","CPI","TOT","IDX2010","Q","1969-Q4",17.19746,
"USA","CPI","TOT","IDX2010","Q","1970-Q1",17.42676,
"USA","CPI","TOT","IDX2010","Q","1970-Q2",17.7172,
"USA","CPI","TOT","IDX2010","Q","1970-Q3",17.91593,
"USA","CPI","TOT","IDX2010","Q","1970-Q4",18.16051,
"USA","CPI","TOT","IDX2010","Q","1971-Q1",18.29809,
"USA","CPI","TOT","IDX2010","Q","1971-Q2",18.49682,
"USA","CPI","TOT","IDX2010","Q","1971-Q3",18.69555,
"USA","CPI","TOT","IDX2010","Q","1971-Q4",18.78727,
"USA","CPI","TOT","IDX2010","Q","1972-Q1",18.92484,
"USA","CPI","TOT","IDX2010","Q","1972-Q2",19.07771,
"USA","CPI","TOT","IDX2010","Q","1972-Q3",19.26115,
"USA","CPI","TOT","IDX2010","Q","1972-Q4",19.44459,
"USA","CPI","TOT","IDX2010","Q","1973-Q1",19.68918,
"USA","CPI","TOT","IDX2010","Q","1973-Q2",20.13249,
"USA","CPI","TOT","IDX2010","Q","1973-Q3",20.5758,
"USA","CPI","TOT","IDX2010","Q","1973-Q4",21.04969,
"USA","CPI","TOT","IDX2010","Q","1974-Q1",21.64586,
"USA","CPI","TOT","IDX2010","Q","1974-Q2",22.25733,
"USA","CPI","TOT","IDX2010","Q","1974-Q3",22.92994,
"USA","CPI","TOT","IDX2010","Q","1974-Q4",23.61784,
"USA","CPI","TOT","IDX2010","Q","1975-Q1",24.04587,
"USA","CPI","TOT","IDX2010","Q","1975-Q2",24.41274,
"USA","CPI","TOT","IDX2010","Q","1975-Q3",24.93249,
"USA","CPI","TOT","IDX2010","Q","1975-Q4",25.32994,
"USA","CPI","TOT","IDX2010","Q","1976-Q1",25.57453,
"USA","CPI","TOT","IDX2010","Q","1976-Q2",25.89555,
"USA","CPI","TOT","IDX2010","Q","1976-Q3",26.30829,
"USA","CPI","TOT","IDX2010","Q","1976-Q4",26.61402,
"USA","CPI","TOT","IDX2010","Q","1977-Q1",27.07262,
"USA","CPI","TOT","IDX2010","Q","1977-Q2",27.6688,
"USA","CPI","TOT","IDX2010","Q","1977-Q3",28.06625,
"USA","CPI","TOT","IDX2010","Q","1977-Q4",28.37198,
"USA","CPI","TOT","IDX2010","Q","1978-Q1",28.86115,
"USA","CPI","TOT","IDX2010","Q","1978-Q2",29.59491,
"USA","CPI","TOT","IDX2010","Q","1978-Q3",30.2981,
"USA","CPI","TOT","IDX2010","Q","1978-Q4",30.90956,
"USA","CPI","TOT","IDX2010","Q","1979-Q1",31.67389,
"USA","CPI","TOT","IDX2010","Q","1979-Q2",32.77453,
"USA","CPI","TOT","IDX2010","Q","1979-Q3",33.85988,
"USA","CPI","TOT","IDX2010","Q","1979-Q4",34.82294,
"USA","CPI","TOT","IDX2010","Q","1980-Q1",36.19873,
"USA","CPI","TOT","IDX2010","Q","1980-Q2",37.52867,
"USA","CPI","TOT","IDX2010","Q","1980-Q3",38.21657,
"USA","CPI","TOT","IDX2010","Q","1980-Q4",39.22549,
"USA","CPI","TOT","IDX2010","Q","1981-Q1",40.26498,
"USA","CPI","TOT","IDX2010","Q","1981-Q2",41.19746,
"USA","CPI","TOT","IDX2010","Q","1981-Q3",42.35925,
"USA","CPI","TOT","IDX2010","Q","1981-Q4",42.97071,
"USA","CPI","TOT","IDX2010","Q","1982-Q1",43.3223,
"USA","CPI","TOT","IDX2010","Q","1982-Q2",43.97963,
"USA","CPI","TOT","IDX2010","Q","1982-Q3",44.80511,
"USA","CPI","TOT","IDX2010","Q","1982-Q4",44.91211,
"USA","CPI","TOT","IDX2010","Q","1983-Q1",44.88154,
"USA","CPI","TOT","IDX2010","Q","1983-Q2",45.44714,
"USA","CPI","TOT","IDX2010","Q","1983-Q3",45.98218,
"USA","CPI","TOT","IDX2010","Q","1983-Q4",46.39492,
"USA","CPI","TOT","IDX2010","Q","1984-Q1",46.91466,
"USA","CPI","TOT","IDX2010","Q","1984-Q2",47.41912,
"USA","CPI","TOT","IDX2010","Q","1984-Q3",47.93887,
"USA","CPI","TOT","IDX2010","Q","1984-Q4",48.29046,
"USA","CPI","TOT","IDX2010","Q","1985-Q1",48.59619,
"USA","CPI","TOT","IDX2010","Q","1985-Q2",49.19237,
"USA","CPI","TOT","IDX2010","Q","1985-Q3",49.54396,
"USA","CPI","TOT","IDX2010","Q","1985-Q4",49.98727,
"USA","CPI","TOT","IDX2010","Q","1986-Q1",50.09428,
"USA","CPI","TOT","IDX2010","Q","1986-Q2",49.98727,
"USA","CPI","TOT","IDX2010","Q","1986-Q3",50.35415,
"USA","CPI","TOT","IDX2010","Q","1986-Q4",50.62931,
"USA","CPI","TOT","IDX2010","Q","1987-Q1",51.19492,
"USA","CPI","TOT","IDX2010","Q","1987-Q2",51.86753,
"USA","CPI","TOT","IDX2010","Q","1987-Q3",52.46371,
"USA","CPI","TOT","IDX2010","Q","1987-Q4",52.90702,
"USA","CPI","TOT","IDX2010","Q","1988-Q1",53.22804,
"USA","CPI","TOT","IDX2010","Q","1988-Q2",53.90065,
"USA","CPI","TOT","IDX2010","Q","1988-Q3",54.61912,
"USA","CPI","TOT","IDX2010","Q","1988-Q4",55.18473,
"USA","CPI","TOT","IDX2010","Q","1989-Q1",55.79619,
"USA","CPI","TOT","IDX2010","Q","1989-Q2",56.71339,
"USA","CPI","TOT","IDX2010","Q","1989-Q3",57.17199,
"USA","CPI","TOT","IDX2010","Q","1989-Q4",57.72231,
"USA","CPI","TOT","IDX2010","Q","1990-Q1",58.71594,
"USA","CPI","TOT","IDX2010","Q","1990-Q2",59.31212,
"USA","CPI","TOT","IDX2010","Q","1990-Q3",60.33632,
"USA","CPI","TOT","IDX2010","Q","1990-Q4",61.31467,
"USA","CPI","TOT","IDX2010","Q","1991-Q1",61.81912,
"USA","CPI","TOT","IDX2010","Q","1991-Q2",62.186,
"USA","CPI","TOT","IDX2010","Q","1991-Q3",62.67517,
"USA","CPI","TOT","IDX2010","Q","1991-Q4",63.14906,
"USA","CPI","TOT","IDX2010","Q","1992-Q1",63.59237,
"USA","CPI","TOT","IDX2010","Q","1992-Q2",64.11212,
"USA","CPI","TOT","IDX2010","Q","1992-Q3",64.61658,
"USA","CPI","TOT","IDX2010","Q","1992-Q4",65.07517,
"USA","CPI","TOT","IDX2010","Q","1993-Q1",65.6255,
"USA","CPI","TOT","IDX2010","Q","1993-Q2",66.12995,
"USA","CPI","TOT","IDX2010","Q","1993-Q3",66.38982,
"USA","CPI","TOT","IDX2010","Q","1993-Q4",66.84843,
"USA","CPI","TOT","IDX2010","Q","1994-Q1",67.27645,
"USA","CPI","TOT","IDX2010","Q","1994-Q2",67.70448,
"USA","CPI","TOT","IDX2010","Q","1994-Q3",68.30065,
"USA","CPI","TOT","IDX2010","Q","1994-Q4",68.62167,
"USA","CPI","TOT","IDX2010","Q","1995-Q1",69.18728,
"USA","CPI","TOT","IDX2010","Q","1995-Q2",69.79874,
"USA","CPI","TOT","IDX2010","Q","1995-Q3",70.10448,
"USA","CPI","TOT","IDX2010","Q","1995-Q4",70.44078,
"USA","CPI","TOT","IDX2010","Q","1996-Q1",71.08282,
"USA","CPI","TOT","IDX2010","Q","1996-Q2",71.786,
"USA","CPI","TOT","IDX2010","Q","1996-Q3",72.16817,
"USA","CPI","TOT","IDX2010","Q","1996-Q4",72.68792,
"USA","CPI","TOT","IDX2010","Q","1997-Q1",73.17709,
"USA","CPI","TOT","IDX2010","Q","1997-Q2",73.46754,
"USA","CPI","TOT","IDX2010","Q","1997-Q3",73.75798,
"USA","CPI","TOT","IDX2010","Q","1997-Q4",74.04842,
"USA","CPI","TOT","IDX2010","Q","1998-Q1",74.24715,
"USA","CPI","TOT","IDX2010","Q","1998-Q2",74.64461,
"USA","CPI","TOT","IDX2010","Q","1998-Q3",74.93505,
"USA","CPI","TOT","IDX2010","Q","1998-Q4",75.19492,
"USA","CPI","TOT","IDX2010","Q","1999-Q1",75.48537,
"USA","CPI","TOT","IDX2010","Q","1999-Q2",76.21913,
"USA","CPI","TOT","IDX2010","Q","1999-Q3",76.69302,
"USA","CPI","TOT","IDX2010","Q","1999-Q4",77.1669,
"USA","CPI","TOT","IDX2010","Q","2000-Q1",77.93123,
"USA","CPI","TOT","IDX2010","Q","2000-Q2",78.75671,
"USA","CPI","TOT","IDX2010","Q","2000-Q3",79.38346,
"USA","CPI","TOT","IDX2010","Q","2000-Q4",79.81149,
"USA","CPI","TOT","IDX2010","Q","2001-Q1",80.57581,
"USA","CPI","TOT","IDX2010","Q","2001-Q2",81.41658,
"USA","CPI","TOT","IDX2010","Q","2001-Q3",81.52359,
"USA","CPI","TOT","IDX2010","Q","2001-Q4",81.29429,
"USA","CPI","TOT","IDX2010","Q","2002-Q1",81.58473,
"USA","CPI","TOT","IDX2010","Q","2002-Q2",82.47136,
"USA","CPI","TOT","IDX2010","Q","2002-Q3",82.82295,
"USA","CPI","TOT","IDX2010","Q","2002-Q4",83.08282,
"USA","CPI","TOT","IDX2010","Q","2003-Q1",83.92359,
"USA","CPI","TOT","IDX2010","Q","2003-Q2",84.22932,
"USA","CPI","TOT","IDX2010","Q","2003-Q3",84.64206,
"USA","CPI","TOT","IDX2010","Q","2003-Q4",84.65735,
"USA","CPI","TOT","IDX2010","Q","2004-Q1",85.42168,
"USA","CPI","TOT","IDX2010","Q","2004-Q2",86.64461,
"USA","CPI","TOT","IDX2010","Q","2004-Q3",86.95034,
"USA","CPI","TOT","IDX2010","Q","2004-Q4",87.47009,
"USA","CPI","TOT","IDX2010","Q","2005-Q1",88.0204,
"USA","CPI","TOT","IDX2010","Q","2005-Q2",89.19747,
"USA","CPI","TOT","IDX2010","Q","2005-Q3",90.28283,
"USA","CPI","TOT","IDX2010","Q","2005-Q4",90.74142,
"USA","CPI","TOT","IDX2010","Q","2006-Q1",91.2306,
"USA","CPI","TOT","IDX2010","Q","2006-Q2",92.77454,
"USA","CPI","TOT","IDX2010","Q","2006-Q3",93.29429,
"USA","CPI","TOT","IDX2010","Q","2006-Q4",92.49939,
"USA","CPI","TOT","IDX2010","Q","2007-Q1",93.44212,
"USA","CPI","TOT","IDX2010","Q","2007-Q2",95.2337,
"USA","CPI","TOT","IDX2010","Q","2007-Q3",95.49648,
"USA","CPI","TOT","IDX2010","Q","2007-Q4",96.17567,
"USA","CPI","TOT","IDX2010","Q","2008-Q1",97.26897,
"USA","CPI","TOT","IDX2010","Q","2008-Q2",99.40436,
"USA","CPI","TOT","IDX2010","Q","2008-Q3",100.5605,
"USA","CPI","TOT","IDX2010","Q","2008-Q4",97.7161,
"USA","CPI","TOT","IDX2010","Q","2009-Q1",97.22984,
"USA","CPI","TOT","IDX2010","Q","2009-Q2",98.26077,
"USA","CPI","TOT","IDX2010","Q","2009-Q3",98.92802,
"USA","CPI","TOT","IDX2010","Q","2009-Q4",99.12706,
"USA","CPI","TOT","IDX2010","Q","2010-Q1",99.52497,
"USA","CPI","TOT","IDX2010","Q","2010-Q2",99.99778,
"USA","CPI","TOT","IDX2010","Q","2010-Q3",100.091,
"USA","CPI","TOT","IDX2010","Q","2010-Q4",100.3862,
"USA","CPI","TOT","IDX2010","Q","2011-Q1",101.6559,
"USA","CPI","TOT","IDX2010","Q","2011-Q2",103.4281,
"USA","CPI","TOT","IDX2010","Q","2011-Q3",103.8506,
"USA","CPI","TOT","IDX2010","Q","2011-Q4",103.6927,
"USA","CPI","TOT","IDX2010","Q","2012-Q1",104.5177,
"USA","CPI","TOT","IDX2010","Q","2012-Q2",105.3827,
"USA","CPI","TOT","IDX2010","Q","2012-Q3",105.6138,
"USA","CPI","TOT","IDX2010","Q","2012-Q4",105.6518,
"USA","CPI","TOT","IDX2010","Q","2013-Q1",106.2755,
"USA","CPI","TOT","IDX2010","Q","2013-Q2",106.8505,
"USA","CPI","TOT","IDX2010","Q","2013-Q3",107.2543,
"USA","CPI","TOT","IDX2010","Q","2013-Q4",106.955,
"USA","CPI","TOT","IDX2010","Q","2014-Q1",107.7692,
"USA","CPI","TOT","IDX2010","Q","2014-Q2",109.0418,
"USA","CPI","TOT","IDX2010","Q","2014-Q3",109.1669,
"USA","CPI","TOT","IDX2010","Q","2014-Q4",108.2899,
"USA","CPI","TOT","IDX2010","Q","2015-Q1",107.7016,
"USA","CPI","TOT","IDX2010","Q","2015-Q2",109.0001,
"USA","CPI","TOT","IDX2010","Q","2015-Q3",109.2864,
"USA","CPI","TOT","IDX2010","Q","2015-Q4",108.7948,
"USA","CPI","TOT","IDX2010","Q","2016-Q1",108.8651,
"USA","CPI","TOT","IDX2010","Q","2016-Q2",110.1414,
"USA","CPI","TOT","IDX2010","Q","2016-Q3",110.5078,
"USA","CPI","TOT","IDX2010","Q","2016-Q4",110.7538,
"USA","CPI","TOT","IDX2010","Q","2017-Q1",111.6295,
"USA","CPI","TOT","IDX2010","Q","2017-Q2",112.2363,
"USA","CPI","TOT","IDX2010","Q","2017-Q3",112.6814,
"USA","CPI","TOT","IDX2010","Q","2017-Q4",113.099,
"USA","CPI","TOT","IDX2010","Q","2018-Q1",114.1012,
